-- phpMyAdmin SQL Dump
-- version 4.2.11
-- http://www.phpmyadmin.net
--
-- Host: localhost
-- Generation Time: Jun 22, 2015 at 07:50 AM
-- Server version: 5.5.43-0ubuntu0.12.04.1
-- PHP Version: 5.3.29

SET SQL_MODE = "NO_AUTO_VALUE_ON_ZERO";
SET time_zone = "+00:00";


/*!40101 SET @OLD_CHARACTER_SET_CLIENT=@@CHARACTER_SET_CLIENT */;
/*!40101 SET @OLD_CHARACTER_SET_RESULTS=@@CHARACTER_SET_RESULTS */;
/*!40101 SET @OLD_COLLATION_CONNECTION=@@COLLATION_CONNECTION */;
/*!40101 SET NAMES utf8 */;

--
-- Database: `oscommerce`
--

-- --------------------------------------------------------

--
-- Table structure for table `action_recorder`
--

CREATE TABLE IF NOT EXISTS `action_recorder` (
`id` int(11) NOT NULL,
  `module` varchar(255) COLLATE utf8_unicode_ci NOT NULL,
  `user_id` int(11) DEFAULT NULL,
  `user_name` varchar(255) COLLATE utf8_unicode_ci DEFAULT NULL,
  `identifier` varchar(255) COLLATE utf8_unicode_ci NOT NULL,
  `success` char(1) COLLATE utf8_unicode_ci DEFAULT NULL,
  `date_added` datetime NOT NULL
) ENGINE=InnoDB AUTO_INCREMENT=5 DEFAULT CHARSET=utf8 COLLATE=utf8_unicode_ci;

--
-- Dumping data for table `action_recorder`
--

INSERT INTO `action_recorder` (`id`, `module`, `user_id`, `user_name`, `identifier`, `success`, `date_added`) VALUES
(1, 'ar_admin_login', 0, 'kom.huy@gmail.com', '127.0.0.1', '0', '2015-06-11 11:17:57'),
(2, 'ar_admin_login', 1, 'admin', '127.0.0.1', '1', '2015-06-11 11:18:02'),
(3, 'ar_admin_login', 1, 'admin', '127.0.0.1', '1', '2015-06-19 16:16:37'),
(4, 'ar_admin_login', 1, 'admin', '127.0.0.1', '1', '2015-06-19 17:13:53');

-- --------------------------------------------------------

--
-- Table structure for table `address_book`
--

CREATE TABLE IF NOT EXISTS `address_book` (
`address_book_id` int(11) NOT NULL,
  `customers_id` int(11) NOT NULL,
  `entry_gender` char(1) COLLATE utf8_unicode_ci DEFAULT NULL,
  `entry_company` varchar(255) COLLATE utf8_unicode_ci DEFAULT NULL,
  `entry_firstname` varchar(255) COLLATE utf8_unicode_ci NOT NULL,
  `entry_lastname` varchar(255) COLLATE utf8_unicode_ci NOT NULL,
  `entry_street_address` varchar(255) COLLATE utf8_unicode_ci NOT NULL,
  `entry_suburb` varchar(255) COLLATE utf8_unicode_ci DEFAULT NULL,
  `entry_postcode` varchar(255) COLLATE utf8_unicode_ci NOT NULL,
  `entry_city` varchar(255) COLLATE utf8_unicode_ci NOT NULL,
  `entry_state` varchar(255) COLLATE utf8_unicode_ci DEFAULT NULL,
  `entry_country_id` int(11) NOT NULL DEFAULT '0',
  `entry_zone_id` int(11) NOT NULL DEFAULT '0'
) ENGINE=InnoDB AUTO_INCREMENT=2 DEFAULT CHARSET=utf8 COLLATE=utf8_unicode_ci;

--
-- Dumping data for table `address_book`
--

INSERT INTO `address_book` (`address_book_id`, `customers_id`, `entry_gender`, `entry_company`, `entry_firstname`, `entry_lastname`, `entry_street_address`, `entry_suburb`, `entry_postcode`, `entry_city`, `entry_state`, `entry_country_id`, `entry_zone_id`) VALUES
(1, 1, 'm', 'test', 'test', 'test', 'test test', 'test', '12345', 'test', 'test', 12, 0);

-- --------------------------------------------------------

--
-- Table structure for table `address_format`
--

CREATE TABLE IF NOT EXISTS `address_format` (
`address_format_id` int(11) NOT NULL,
  `address_format` varchar(128) COLLATE utf8_unicode_ci NOT NULL,
  `address_summary` varchar(48) COLLATE utf8_unicode_ci NOT NULL
) ENGINE=InnoDB AUTO_INCREMENT=6 DEFAULT CHARSET=utf8 COLLATE=utf8_unicode_ci;

--
-- Dumping data for table `address_format`
--

INSERT INTO `address_format` (`address_format_id`, `address_format`, `address_summary`) VALUES
(1, '$firstname $lastname$cr$streets$cr$city, $postcode$cr$statecomma$country', '$city / $country'),
(2, '$firstname $lastname$cr$streets$cr$city, $state    $postcode$cr$country', '$city, $state / $country'),
(3, '$firstname $lastname$cr$streets$cr$city$cr$postcode - $statecomma$country', '$state / $country'),
(4, '$firstname $lastname$cr$streets$cr$city ($postcode)$cr$country', '$postcode / $country'),
(5, '$firstname $lastname$cr$streets$cr$postcode $city$cr$country', '$city / $country');

-- --------------------------------------------------------

--
-- Table structure for table `administrators`
--

CREATE TABLE IF NOT EXISTS `administrators` (
`id` int(11) NOT NULL,
  `user_name` varchar(255) CHARACTER SET utf8 COLLATE utf8_bin NOT NULL,
  `user_password` varchar(60) COLLATE utf8_unicode_ci NOT NULL
) ENGINE=InnoDB AUTO_INCREMENT=3 DEFAULT CHARSET=utf8 COLLATE=utf8_unicode_ci;

--
-- Dumping data for table `administrators`
--

INSERT INTO `administrators` (`id`, `user_name`, `user_password`) VALUES
(1, 'admin', '$P$DgEFBYpu.6NTcmOqiRWO2062B/TfKB1'),
(2, 'admin123', '$P$DiZa27yqE2eLd0WXF3FraaCH56dZfc1');

-- --------------------------------------------------------

--
-- Table structure for table `banners`
--

CREATE TABLE IF NOT EXISTS `banners` (
`banners_id` int(11) NOT NULL,
  `banners_title` varchar(64) COLLATE utf8_unicode_ci NOT NULL,
  `banners_url` varchar(255) COLLATE utf8_unicode_ci NOT NULL,
  `banners_image` varchar(64) COLLATE utf8_unicode_ci NOT NULL,
  `banners_group` varchar(10) COLLATE utf8_unicode_ci NOT NULL,
  `banners_html_text` text COLLATE utf8_unicode_ci,
  `expires_impressions` int(7) DEFAULT '0',
  `expires_date` datetime DEFAULT NULL,
  `date_scheduled` datetime DEFAULT NULL,
  `date_added` datetime NOT NULL,
  `date_status_change` datetime DEFAULT NULL,
  `status` int(1) NOT NULL DEFAULT '1'
) ENGINE=InnoDB AUTO_INCREMENT=2 DEFAULT CHARSET=utf8 COLLATE=utf8_unicode_ci;

--
-- Dumping data for table `banners`
--

INSERT INTO `banners` (`banners_id`, `banners_title`, `banners_url`, `banners_image`, `banners_group`, `banners_html_text`, `expires_impressions`, `expires_date`, `date_scheduled`, `date_added`, `date_status_change`, `status`) VALUES
(1, 'osCommerce', 'http://www.oscommerce.com', 'banners/oscommerce.gif', 'footer', '', 0, NULL, NULL, '2015-02-26 16:56:08', NULL, 1);

-- --------------------------------------------------------

--
-- Table structure for table `banners_history`
--

CREATE TABLE IF NOT EXISTS `banners_history` (
`banners_history_id` int(11) NOT NULL,
  `banners_id` int(11) NOT NULL,
  `banners_shown` int(5) NOT NULL DEFAULT '0',
  `banners_clicked` int(5) NOT NULL DEFAULT '0',
  `banners_history_date` datetime NOT NULL
) ENGINE=InnoDB DEFAULT CHARSET=utf8 COLLATE=utf8_unicode_ci;

-- --------------------------------------------------------

--
-- Table structure for table `cache`
--

CREATE TABLE IF NOT EXISTS `cache` (
  `cache_id` varchar(32) NOT NULL DEFAULT '',
  `cache_language_id` tinyint(1) NOT NULL DEFAULT '0',
  `cache_name` varchar(255) NOT NULL DEFAULT '',
  `cache_data` mediumtext NOT NULL,
  `cache_global` tinyint(1) NOT NULL DEFAULT '1',
  `cache_gzip` tinyint(1) NOT NULL DEFAULT '1',
  `cache_method` varchar(20) NOT NULL DEFAULT 'RETURN',
  `cache_date` datetime NOT NULL,
  `cache_expires` datetime NOT NULL
) ENGINE=InnoDB DEFAULT CHARSET=latin1;

--
-- Dumping data for table `cache`
--

INSERT INTO `cache` (`cache_id`, `cache_language_id`, `cache_name`, `cache_data`, `cache_global`, `cache_gzip`, `cache_method`, `cache_date`, `cache_expires`) VALUES
('3f99e969ab97a4ed9b2f66db76e4c167', 1, 'seo_urls_v2_MANUFACTURERS', 'hc67DoJAEIXh3qewW0008S7GihjsoCBSk8kywEbYNbOj+Phm6F367z85FdbG4kKlcVbc49ujyJO8zOI0KU9qNVcarLNqeZ1Vf91BXO2+YRWJMpaRQLP5YFhfRLc4dMi8foF+AlXh4ihF5xrDqNsw3QrtgWnq826ERpPzruaJ0Y1gD71/2yZMz6M0SARhuBc4AFkkgT8=', 1, 1, 'EVAL', '2015-06-22 06:14:36', '2015-07-22 06:14:36'),
('5aea2ef0968befad405de776007fa7b2', 1, 'seo_urls_v2_PRODUCTS', 'fZRLj9QwEITv/Apus0i0lGSXlzitgCMPITivOnYnMePYoW1PZv49To9WYhGde5Xd5a/algYX6Obw7fvXjz8//Hj4cv/500N7ePn8MGPmeIaxa5rDi/fP7P+E3d/Cu6aB227uVfWtqJ3hmOKQwYVM3rs5lkSq527zMC0eDc0UMhyd98RJNbzaDL1HS8AlBGKwjsnkuON5/RjDndVz32yaSywnghmdV3Vv5f4yJvBu0HO922Ql2DpfcjTqwrb5RwkW+QiZmF0NdVEHaYXiUMODjWuAnnxcdbWgnJAtrC5PcKIwEgazM5jg9JQn9LASLjHopwtGE7ny0EWCbmAM2RldJbBMLIwjwfUFt5C6QcilhcjqGqEmGjBcXCIwMdT+65xbIZgnYkqQ4lzfwYURsI8l14bsgOmE6IbjtDNSJ/jSihmMj3Wg3wW5Uk/QY85ez9sJyRKYKpdc3yngtjhq9k44rhNRlbt552CBaF0ybvFbaDRMFjwGq69jJ1DnJ0tfW1D3mC59rHXT57pu5RPn43cBdF585J0ydUJ9orUWNMOC5rhV22Mi/lVvb9umOTv97msfcE6lMh3R41kW7Q8=', 1, 1, 'EVAL', '2015-06-22 06:14:36', '2015-07-22 06:14:36'),
('82c85abb1a53ab2274cf8f913897f181', 1, 'seo_urls_v2_CATEGORIES', 'jdNNS8QwEAbgu7/CWxUsmK6feFpk8aSCePEUYjJth20yZRJX9t+bxKuden94M19x0GOAs+Zx+757en370C/b553eaHXZXJw2xiak0Jw/nLg/XafV/X9cztsUZw0nohCXE5VWt1U6Jt86xgMIOud2VZMHd1xOze66OMfGG4EV4+mA0pudKmowboAklKb0VXVs5hFtbHPrTuIFj9l8G4blCpW+K3APx09aCdTqplAPnlgYjdJ1gx6t+OxvFgVMxFIbus55ZgwJJJg3UucYLUKw0Pa4fmq19Yj+azIrZ1kaj9SntWHWU4szmL1YbKe7+h1iYpNgEKaZ26prTyPjNAGXTf4A', 1, 1, 'EVAL', '2015-06-22 06:14:36', '2015-07-22 06:14:36');

-- --------------------------------------------------------

--
-- Table structure for table `categories`
--

CREATE TABLE IF NOT EXISTS `categories` (
`categories_id` int(11) NOT NULL,
  `categories_image` varchar(64) COLLATE utf8_unicode_ci DEFAULT NULL,
  `parent_id` int(11) NOT NULL DEFAULT '0',
  `sort_order` int(3) DEFAULT NULL,
  `date_added` datetime DEFAULT NULL,
  `last_modified` datetime DEFAULT NULL
) ENGINE=InnoDB AUTO_INCREMENT=22 DEFAULT CHARSET=utf8 COLLATE=utf8_unicode_ci;

--
-- Dumping data for table `categories`
--

INSERT INTO `categories` (`categories_id`, `categories_image`, `parent_id`, `sort_order`, `date_added`, `last_modified`) VALUES
(1, 'category_hardware.gif', 0, 1, '2015-02-26 16:56:08', NULL),
(2, 'category_software.gif', 0, 2, '2015-02-26 16:56:08', NULL),
(3, 'category_dvd_movies.gif', 0, 3, '2015-02-26 16:56:08', NULL),
(4, 'subcategory_graphic_cards.gif', 1, 0, '2015-02-26 16:56:08', NULL),
(5, 'subcategory_printers.gif', 1, 0, '2015-02-26 16:56:08', NULL),
(6, 'subcategory_monitors.gif', 1, 0, '2015-02-26 16:56:08', NULL),
(7, 'subcategory_speakers.gif', 1, 0, '2015-02-26 16:56:08', NULL),
(8, 'subcategory_keyboards.gif', 1, 0, '2015-02-26 16:56:08', NULL),
(9, 'subcategory_mice.gif', 1, 0, '2015-02-26 16:56:08', NULL),
(10, 'subcategory_action.gif', 3, 0, '2015-02-26 16:56:08', NULL),
(11, 'subcategory_science_fiction.gif', 3, 0, '2015-02-26 16:56:08', NULL),
(12, 'subcategory_comedy.gif', 3, 0, '2015-02-26 16:56:08', NULL),
(13, 'subcategory_cartoons.gif', 3, 0, '2015-02-26 16:56:08', NULL),
(14, 'subcategory_thriller.gif', 3, 0, '2015-02-26 16:56:08', NULL),
(15, 'subcategory_drama.gif', 3, 0, '2015-02-26 16:56:08', NULL),
(16, 'subcategory_memory.gif', 1, 0, '2015-02-26 16:56:09', NULL),
(17, 'subcategory_cdrom_drives.gif', 1, 0, '2015-02-26 16:56:09', NULL),
(18, 'subcategory_simulation.gif', 2, 0, '2015-02-26 16:56:09', NULL),
(19, 'subcategory_action_games.gif', 2, 0, '2015-02-26 16:56:09', NULL),
(20, 'subcategory_strategy.gif', 2, 0, '2015-02-26 16:56:09', NULL),
(21, 'category_gadgets.png', 0, 4, '2015-02-26 16:56:09', NULL);

-- --------------------------------------------------------

--
-- Table structure for table `categories_description`
--

CREATE TABLE IF NOT EXISTS `categories_description` (
  `categories_id` int(11) NOT NULL DEFAULT '0',
  `language_id` int(11) NOT NULL DEFAULT '1',
  `categories_name` varchar(32) COLLATE utf8_unicode_ci NOT NULL
) ENGINE=InnoDB DEFAULT CHARSET=utf8 COLLATE=utf8_unicode_ci;

--
-- Dumping data for table `categories_description`
--

INSERT INTO `categories_description` (`categories_id`, `language_id`, `categories_name`) VALUES
(10, 1, 'Action'),
(19, 1, 'Action'),
(13, 1, 'Cartoons'),
(17, 1, 'CDROM Drives'),
(12, 1, 'Comedy'),
(15, 1, 'Drama'),
(3, 1, 'DVD Movies'),
(21, 1, 'Gadgets'),
(4, 1, 'Graphics Cards'),
(1, 1, 'Hardware'),
(8, 1, 'Keyboards'),
(16, 1, 'Memory'),
(9, 1, 'Mice'),
(6, 1, 'Monitors'),
(5, 1, 'Printers'),
(11, 1, 'Science Fiction'),
(18, 1, 'Simulation'),
(2, 1, 'Software'),
(7, 1, 'Speakers'),
(20, 1, 'Strategy'),
(14, 1, 'Thriller');

-- --------------------------------------------------------

--
-- Table structure for table `colors`
--

CREATE TABLE IF NOT EXISTS `colors` (
`id` int(11) NOT NULL,
  `color` varchar(127) NOT NULL,
  `image` varchar(127) NOT NULL,
  `status` tinyint(1) NOT NULL DEFAULT '1',
  `created` datetime NOT NULL,
  `modified` timestamp NOT NULL DEFAULT CURRENT_TIMESTAMP ON UPDATE CURRENT_TIMESTAMP
) ENGINE=InnoDB AUTO_INCREMENT=11 DEFAULT CHARSET=latin1;

--
-- Dumping data for table `colors`
--

INSERT INTO `colors` (`id`, `color`, `image`, `status`, `created`, `modified`) VALUES
(1, '#000', 'images/img1.jpg', 1, '2015-03-13 13:21:51', '2015-03-13 06:21:51'),
(2, '#9a0606', 'images/img2.jpg', 1, '2015-03-13 13:21:51', '2015-03-13 06:21:51'),
(3, '#cecece', 'images/img3.jpg', 1, '2015-03-13 13:21:51', '2015-03-13 06:21:51'),
(4, '#023668', 'images/img4.jpg', 1, '2015-03-13 13:21:51', '2015-03-13 06:21:51'),
(5, '#8dba00', 'images/img5.jpg', 1, '2015-03-13 13:21:51', '2015-03-13 06:21:51'),
(6, '#FFF', 'images/img6.jpg', 1, '2015-03-13 13:21:51', '2015-03-13 06:21:51'),
(7, '#4a2e20', 'images/img7.jpg', 1, '2015-03-13 13:21:51', '2015-03-13 06:21:51'),
(8, '#d82897', 'images/img8.jpg', 1, '2015-03-13 13:21:51', '2015-03-13 06:21:51'),
(9, '#666666', 'images/img9.jpg', 1, '2015-03-13 13:21:51', '2015-03-13 06:21:51'),
(10, '#b76904', 'images/img10.jpg', 1, '2015-03-13 13:21:51', '2015-03-13 06:21:51');

-- --------------------------------------------------------

--
-- Table structure for table `configuration`
--

CREATE TABLE IF NOT EXISTS `configuration` (
`configuration_id` int(11) NOT NULL,
  `configuration_title` varchar(255) COLLATE utf8_unicode_ci NOT NULL,
  `configuration_key` varchar(255) COLLATE utf8_unicode_ci NOT NULL,
  `configuration_value` text COLLATE utf8_unicode_ci NOT NULL,
  `configuration_description` varchar(255) COLLATE utf8_unicode_ci NOT NULL,
  `configuration_group_id` int(11) NOT NULL,
  `sort_order` int(5) DEFAULT NULL,
  `last_modified` datetime DEFAULT NULL,
  `date_added` datetime NOT NULL,
  `use_function` varchar(255) COLLATE utf8_unicode_ci DEFAULT NULL,
  `set_function` varchar(255) COLLATE utf8_unicode_ci DEFAULT NULL
) ENGINE=InnoDB AUTO_INCREMENT=1508 DEFAULT CHARSET=utf8 COLLATE=utf8_unicode_ci;

--
-- Dumping data for table `configuration`
--

INSERT INTO `configuration` (`configuration_id`, `configuration_title`, `configuration_key`, `configuration_value`, `configuration_description`, `configuration_group_id`, `sort_order`, `last_modified`, `date_added`, `use_function`, `set_function`) VALUES
(1, 'Store Name', 'STORE_NAME', 'osc', 'The name of my store', 1, 1, NULL, '2015-02-26 16:56:10', NULL, NULL),
(2, 'Store Owner', 'STORE_OWNER', 'osc', 'The name of my store owner', 1, 2, NULL, '2015-02-26 16:56:10', NULL, NULL),
(3, 'E-Mail Address', 'STORE_OWNER_EMAIL_ADDRESS', 'osc@gmail.com', 'The e-mail address of my store owner', 1, 3, NULL, '2015-02-26 16:56:10', NULL, NULL),
(4, 'E-Mail From', 'EMAIL_FROM', '"osc" <osc@gmail.com>', 'The e-mail address used in (sent) e-mails', 1, 4, NULL, '2015-02-26 16:56:10', NULL, NULL),
(5, 'Country', 'STORE_COUNTRY', '223', 'The country my store is located in <br /><br /><strong>Note: Please remember to update the store zone.</strong>', 1, 6, NULL, '2015-02-26 16:56:10', 'tep_get_country_name', 'tep_cfg_pull_down_country_list('),
(6, 'Zone', 'STORE_ZONE', '18', 'The zone my store is located in', 1, 7, NULL, '2015-02-26 16:56:10', 'tep_cfg_get_zone_name', 'tep_cfg_pull_down_zone_list('),
(7, 'Expected Sort Order', 'EXPECTED_PRODUCTS_SORT', 'desc', 'This is the sort order used in the expected products box.', 1, 8, NULL, '2015-02-26 16:56:10', NULL, 'tep_cfg_select_option(array(''asc'', ''desc''), '),
(8, 'Expected Sort Field', 'EXPECTED_PRODUCTS_FIELD', 'date_expected', 'The column to sort by in the expected products box.', 1, 9, NULL, '2015-02-26 16:56:10', NULL, 'tep_cfg_select_option(array(''products_name'', ''date_expected''), '),
(9, 'Switch To Default Language Currency', 'USE_DEFAULT_LANGUAGE_CURRENCY', 'false', 'Automatically switch to the language''s currency when it is changed', 1, 10, NULL, '2015-02-26 16:56:10', NULL, 'tep_cfg_select_option(array(''true'', ''false''), '),
(10, 'Send Extra Order Emails To', 'SEND_EXTRA_ORDER_EMAILS_TO', '', 'Send extra order emails to the following email addresses, in this format: Name 1 &lt;email@address1&gt;, Name 2 &lt;email@address2&gt;', 1, 11, NULL, '2015-02-26 16:56:10', NULL, NULL),
(11, 'Use Search-Engine Safe URLs', 'SEARCH_ENGINE_FRIENDLY_URLS', 'false', 'Use search-engine safe urls for all site links', 1, 12, NULL, '2015-02-26 16:56:10', NULL, 'tep_cfg_select_option(array(''true'', ''false''), '),
(12, 'Display Cart After Adding Product', 'DISPLAY_CART', 'true', 'Display the shopping cart after adding a product (or return back to their origin)', 1, 14, NULL, '2015-02-26 16:56:10', NULL, 'tep_cfg_select_option(array(''true'', ''false''), '),
(13, 'Allow Guest To Tell A Friend', 'ALLOW_GUEST_TO_TELL_A_FRIEND', 'false', 'Allow guests to tell a friend about a product', 1, 15, NULL, '2015-02-26 16:56:10', NULL, 'tep_cfg_select_option(array(''true'', ''false''), '),
(14, 'Default Search Operator', 'ADVANCED_SEARCH_DEFAULT_OPERATOR', 'and', 'Default search operators', 1, 17, NULL, '2015-02-26 16:56:10', NULL, 'tep_cfg_select_option(array(''and'', ''or''), '),
(15, 'Store Address', 'STORE_ADDRESS', 'Address Line 1\nAddress Line 2\nCountry\nPhone', 'This is the Address of my store used on printable documents and displayed online', 1, 18, NULL, '2015-02-26 16:56:10', NULL, 'tep_cfg_textarea('),
(16, 'Store Phone', 'STORE_PHONE', '555-1234', 'This is the phone number of my store used on printable documents and displayed online', 1, 19, NULL, '2015-02-26 16:56:11', NULL, 'tep_cfg_textarea('),
(17, 'Tax Decimal Places', 'TAX_DECIMAL_PLACES', '0', 'Pad the tax value this amount of decimal places', 1, 20, NULL, '2015-02-26 16:56:11', NULL, NULL),
(18, 'Display Prices with Tax', 'DISPLAY_PRICE_WITH_TAX', 'false', 'Display prices with tax included (true) or add the tax at the end (false)', 1, 21, NULL, '2015-02-26 16:56:11', NULL, 'tep_cfg_select_option(array(''true'', ''false''), '),
(19, 'First Name', 'ENTRY_FIRST_NAME_MIN_LENGTH', '2', 'Minimum length of first name', 2, 1, NULL, '2015-02-26 16:56:11', NULL, NULL),
(20, 'Last Name', 'ENTRY_LAST_NAME_MIN_LENGTH', '2', 'Minimum length of last name', 2, 2, NULL, '2015-02-26 16:56:11', NULL, NULL),
(21, 'Date of Birth', 'ENTRY_DOB_MIN_LENGTH', '10', 'Minimum length of date of birth', 2, 3, NULL, '2015-02-26 16:56:11', NULL, NULL),
(22, 'E-Mail Address', 'ENTRY_EMAIL_ADDRESS_MIN_LENGTH', '6', 'Minimum length of e-mail address', 2, 4, NULL, '2015-02-26 16:56:11', NULL, NULL),
(23, 'Street Address', 'ENTRY_STREET_ADDRESS_MIN_LENGTH', '5', 'Minimum length of street address', 2, 5, NULL, '2015-02-26 16:56:11', NULL, NULL),
(24, 'Company', 'ENTRY_COMPANY_MIN_LENGTH', '2', 'Minimum length of company name', 2, 6, NULL, '2015-02-26 16:56:11', NULL, NULL),
(25, 'Post Code', 'ENTRY_POSTCODE_MIN_LENGTH', '4', 'Minimum length of post code', 2, 7, NULL, '2015-02-26 16:56:11', NULL, NULL),
(26, 'City', 'ENTRY_CITY_MIN_LENGTH', '3', 'Minimum length of city', 2, 8, NULL, '2015-02-26 16:56:11', NULL, NULL),
(27, 'State', 'ENTRY_STATE_MIN_LENGTH', '2', 'Minimum length of state', 2, 9, NULL, '2015-02-26 16:56:11', NULL, NULL),
(28, 'Telephone Number', 'ENTRY_TELEPHONE_MIN_LENGTH', '3', 'Minimum length of telephone number', 2, 10, NULL, '2015-02-26 16:56:11', NULL, NULL),
(29, 'Password', 'ENTRY_PASSWORD_MIN_LENGTH', '5', 'Minimum length of password', 2, 11, NULL, '2015-02-26 16:56:11', NULL, NULL),
(30, 'Credit Card Owner Name', 'CC_OWNER_MIN_LENGTH', '3', 'Minimum length of credit card owner name', 2, 12, NULL, '2015-02-26 16:56:11', NULL, NULL),
(31, 'Credit Card Number', 'CC_NUMBER_MIN_LENGTH', '10', 'Minimum length of credit card number', 2, 13, NULL, '2015-02-26 16:56:11', NULL, NULL),
(32, 'Review Text', 'REVIEW_TEXT_MIN_LENGTH', '50', 'Minimum length of review text', 2, 14, NULL, '2015-02-26 16:56:11', NULL, NULL),
(33, 'Best Sellers', 'MIN_DISPLAY_BESTSELLERS', '1', 'Minimum number of best sellers to display', 2, 15, NULL, '2015-02-26 16:56:11', NULL, NULL),
(34, 'Also Purchased', 'MIN_DISPLAY_ALSO_PURCHASED', '1', 'Minimum number of products to display in the ''This Customer Also Purchased'' box', 2, 16, NULL, '2015-02-26 16:56:11', NULL, NULL),
(35, 'Address Book Entries', 'MAX_ADDRESS_BOOK_ENTRIES', '5', 'Maximum address book entries a customer is allowed to have', 3, 1, NULL, '2015-02-26 16:56:11', NULL, NULL),
(36, 'Search Results', 'MAX_DISPLAY_SEARCH_RESULTS', '20', 'Amount of products to list', 3, 2, NULL, '2015-02-26 16:56:11', NULL, NULL),
(37, 'Page Links', 'MAX_DISPLAY_PAGE_LINKS', '5', 'Number of ''number'' links use for page-sets', 3, 3, NULL, '2015-02-26 16:56:11', NULL, NULL),
(38, 'Special Products', 'MAX_DISPLAY_SPECIAL_PRODUCTS', '9', 'Maximum number of products on special to display', 3, 4, NULL, '2015-02-26 16:56:12', NULL, NULL),
(39, 'New Products Module', 'MAX_DISPLAY_NEW_PRODUCTS', '9', 'Maximum number of new products to display in a category', 3, 5, NULL, '2015-02-26 16:56:12', NULL, NULL),
(40, 'Products Expected', 'MAX_DISPLAY_UPCOMING_PRODUCTS', '10', 'Maximum number of products expected to display', 3, 6, NULL, '2015-02-26 16:56:12', NULL, NULL),
(41, 'Manufacturers List', 'MAX_DISPLAY_MANUFACTURERS_IN_A_LIST', '0', 'Used in manufacturers box; when the number of manufacturers exceeds this number, a drop-down list will be displayed instead of the default list', 3, 7, NULL, '2015-02-26 16:56:12', NULL, NULL),
(42, 'Manufacturers Select Size', 'MAX_MANUFACTURERS_LIST', '1', 'Used in manufacturers box; when this value is ''1'' the classic drop-down list will be used for the manufacturers box. Otherwise, a list-box with the specified number of rows will be displayed.', 3, 7, NULL, '2015-02-26 16:56:12', NULL, NULL),
(43, 'Length of Manufacturers Name', 'MAX_DISPLAY_MANUFACTURER_NAME_LEN', '15', 'Used in manufacturers box; maximum length of manufacturers name to display', 3, 8, NULL, '2015-02-26 16:56:12', NULL, NULL),
(44, 'New Reviews', 'MAX_DISPLAY_NEW_REVIEWS', '6', 'Maximum number of new reviews to display', 3, 9, NULL, '2015-02-26 16:56:12', NULL, NULL),
(45, 'Selection of Random Reviews', 'MAX_RANDOM_SELECT_REVIEWS', '10', 'How many records to select from to choose one random product review', 3, 10, NULL, '2015-02-26 16:56:12', NULL, NULL),
(46, 'Selection of Random New Products', 'MAX_RANDOM_SELECT_NEW', '10', 'How many records to select from to choose one random new product to display', 3, 11, NULL, '2015-02-26 16:56:12', NULL, NULL),
(47, 'Selection of Products on Special', 'MAX_RANDOM_SELECT_SPECIALS', '10', 'How many records to select from to choose one random product special to display', 3, 12, NULL, '2015-02-26 16:56:12', NULL, NULL),
(48, 'Categories To List Per Row', 'MAX_DISPLAY_CATEGORIES_PER_ROW', '3', 'How many categories to list per row', 3, 13, NULL, '2015-02-26 16:56:12', NULL, NULL),
(49, 'New Products Listing', 'MAX_DISPLAY_PRODUCTS_NEW', '10', 'Maximum number of new products to display in new products page', 3, 14, NULL, '2015-02-26 16:56:12', NULL, NULL),
(50, 'Best Sellers', 'MAX_DISPLAY_BESTSELLERS', '10', 'Maximum number of best sellers to display', 3, 15, NULL, '2015-02-26 16:56:12', NULL, NULL),
(51, 'Also Purchased', 'MAX_DISPLAY_ALSO_PURCHASED', '6', 'Maximum number of products to display in the ''This Customer Also Purchased'' box', 3, 16, NULL, '2015-02-26 16:56:12', NULL, NULL),
(52, 'Customer Order History Box', 'MAX_DISPLAY_PRODUCTS_IN_ORDER_HISTORY_BOX', '6', 'Maximum number of products to display in the customer order history box', 3, 17, NULL, '2015-02-26 16:56:12', NULL, NULL),
(53, 'Order History', 'MAX_DISPLAY_ORDER_HISTORY', '10', 'Maximum number of orders to display in the order history page', 3, 18, NULL, '2015-02-26 16:56:13', NULL, NULL),
(54, 'Product Quantities In Shopping Cart', 'MAX_QTY_IN_CART', '99', 'Maximum number of product quantities that can be added to the shopping cart (0 for no limit)', 3, 19, NULL, '2015-02-26 16:56:13', NULL, NULL),
(55, 'Small Image Width', 'SMALL_IMAGE_WIDTH', '230', 'The pixel width of small images', 4, 1, '2015-06-01 10:35:50', '2015-02-26 16:56:13', NULL, NULL),
(56, 'Small Image Height', 'SMALL_IMAGE_HEIGHT', '290', 'The pixel height of small images', 4, 2, '2015-06-01 10:36:00', '2015-02-26 16:56:13', NULL, NULL),
(57, 'Heading Image Width', 'HEADING_IMAGE_WIDTH', '57', 'The pixel width of heading images', 4, 3, NULL, '2015-02-26 16:56:13', NULL, NULL),
(58, 'Heading Image Height', 'HEADING_IMAGE_HEIGHT', '40', 'The pixel height of heading images', 4, 4, NULL, '2015-02-26 16:56:13', NULL, NULL),
(59, 'Subcategory Image Width', 'SUBCATEGORY_IMAGE_WIDTH', '100', 'The pixel width of subcategory images', 4, 5, NULL, '2015-02-26 16:56:13', NULL, NULL),
(60, 'Subcategory Image Height', 'SUBCATEGORY_IMAGE_HEIGHT', '57', 'The pixel height of subcategory images', 4, 6, NULL, '2015-02-26 16:56:13', NULL, NULL),
(61, 'Calculate Image Size', 'CONFIG_CALCULATE_IMAGE_SIZE', 'true', 'Calculate the size of images?', 4, 7, NULL, '2015-02-26 16:56:13', NULL, 'tep_cfg_select_option(array(''true'', ''false''), '),
(62, 'Image Required', 'IMAGE_REQUIRED', 'true', 'Enable to display broken images. Good for development.', 4, 8, NULL, '2015-02-26 16:56:13', NULL, 'tep_cfg_select_option(array(''true'', ''false''), '),
(63, 'Gender', 'ACCOUNT_GENDER', 'true', 'Display gender in the customers account', 5, 1, NULL, '2015-02-26 16:56:14', NULL, 'tep_cfg_select_option(array(''true'', ''false''), '),
(64, 'Date of Birth', 'ACCOUNT_DOB', 'true', 'Display date of birth in the customers account', 5, 2, NULL, '2015-02-26 16:56:14', NULL, 'tep_cfg_select_option(array(''true'', ''false''), '),
(65, 'Company', 'ACCOUNT_COMPANY', 'true', 'Display company in the customers account', 5, 3, NULL, '2015-02-26 16:56:14', NULL, 'tep_cfg_select_option(array(''true'', ''false''), '),
(66, 'Suburb', 'ACCOUNT_SUBURB', 'true', 'Display suburb in the customers account', 5, 4, NULL, '2015-02-26 16:56:14', NULL, 'tep_cfg_select_option(array(''true'', ''false''), '),
(67, 'State', 'ACCOUNT_STATE', 'true', 'Display state in the customers account', 5, 5, NULL, '2015-02-26 16:56:14', NULL, 'tep_cfg_select_option(array(''true'', ''false''), '),
(68, 'Installed Modules', 'MODULE_PAYMENT_INSTALLED', 'authorizenet_cc_aim.php;cod.php;paypal_express.php', 'List of payment module filenames separated by a semi-colon. This is automatically updated. No need to edit. (Example: cod.php;paypal_express.php)', 6, 0, '2015-06-09 15:56:09', '2015-02-26 16:56:14', NULL, NULL),
(69, 'Installed Modules', 'MODULE_ORDER_TOTAL_INSTALLED', 'ot_subtotal.php;ot_shipping.php;ot_tax.php;ot_total.php', 'List of order_total module filenames separated by a semi-colon. This is automatically updated. No need to edit. (Example: ot_subtotal.php;ot_tax.php;ot_shipping.php;ot_total.php)', 6, 0, '2015-06-09 16:09:33', '2015-02-26 16:56:14', NULL, NULL),
(70, 'Installed Modules', 'MODULE_SHIPPING_INSTALLED', 'flat.php;table.php', 'List of shipping module filenames separated by a semi-colon. This is automatically updated. No need to edit. (Example: ups.php;flat.php;item.php)', 6, 0, '2015-06-04 14:42:05', '2015-02-26 16:56:14', NULL, NULL),
(71, 'Installed Modules', 'MODULE_ACTION_RECORDER_INSTALLED', 'ar_admin_login.php;ar_contact_us.php;ar_reset_password.php;ar_tell_a_friend.php', 'List of action recorder module filenames separated by a semi-colon. This is automatically updated. No need to edit.', 6, 0, NULL, '2015-02-26 16:56:14', NULL, NULL),
(72, 'Installed Modules', 'MODULE_SOCIAL_BOOKMARKS_INSTALLED', 'sb_email.php;sb_facebook.php;sb_google_plus_share.php;sb_twitter.php;sb_pinterest.php', 'List of social bookmark module filenames separated by a semi-colon. This is automatically updated. No need to edit.', 6, 0, '2015-05-25 12:05:08', '2015-02-26 16:56:14', NULL, NULL),
(73, 'Enable Cash On Delivery Module', 'MODULE_PAYMENT_COD_STATUS', 'True', 'Do you want to accept Cash On Delevery payments?', 6, 1, NULL, '2015-02-26 16:56:14', NULL, 'tep_cfg_select_option(array(''True'', ''False''), '),
(74, 'Payment Zone', 'MODULE_PAYMENT_COD_ZONE', '0', 'If a zone is selected, only enable this payment method for that zone.', 6, 2, NULL, '2015-02-26 16:56:14', 'tep_get_zone_class_title', 'tep_cfg_pull_down_zone_classes('),
(75, 'Sort order of display.', 'MODULE_PAYMENT_COD_SORT_ORDER', '67', 'Sort order of display. Lowest is displayed first.', 6, 0, NULL, '2015-02-26 16:56:14', NULL, NULL),
(76, 'Set Order Status', 'MODULE_PAYMENT_COD_ORDER_STATUS_ID', '0', 'Set the status of orders made with this payment module to this value', 6, 0, NULL, '2015-02-26 16:56:14', 'tep_get_order_status_name', 'tep_cfg_pull_down_order_statuses('),
(82, 'Default Currency', 'DEFAULT_CURRENCY', 'USD', 'Default Currency', 6, 0, NULL, '2015-02-26 16:56:14', NULL, NULL),
(83, 'Default Language', 'DEFAULT_LANGUAGE', 'en', 'Default Language', 6, 0, NULL, '2015-02-26 16:56:14', NULL, NULL),
(84, 'Default Order Status For New Orders', 'DEFAULT_ORDERS_STATUS_ID', '1', 'When a new order is created, this order status will be assigned to it.', 6, 0, NULL, '2015-02-26 16:56:15', NULL, NULL),
(96, 'Minimum Minutes Per E-Mail', 'MODULE_ACTION_RECORDER_CONTACT_US_EMAIL_MINUTES', '15', 'Minimum number of minutes to allow 1 e-mail to be sent (eg, 15 for 1 e-mail every 15 minutes)', 6, 0, NULL, '2015-02-26 16:56:15', NULL, NULL),
(97, 'Minimum Minutes Per E-Mail', 'MODULE_ACTION_RECORDER_TELL_A_FRIEND_EMAIL_MINUTES', '15', 'Minimum number of minutes to allow 1 e-mail to be sent (eg, 15 for 1 e-mail every 15 minutes)', 6, 0, NULL, '2015-02-26 16:56:15', NULL, NULL),
(98, 'Allowed Minutes', 'MODULE_ACTION_RECORDER_ADMIN_LOGIN_MINUTES', '5', 'Number of minutes to allow login attempts to occur.', 6, 0, NULL, '2015-02-26 16:56:15', NULL, NULL),
(99, 'Allowed Attempts', 'MODULE_ACTION_RECORDER_ADMIN_LOGIN_ATTEMPTS', '3', 'Number of login attempts to allow within the specified period.', 6, 0, NULL, '2015-02-26 16:56:15', NULL, NULL),
(100, 'Allowed Minutes', 'MODULE_ACTION_RECORDER_RESET_PASSWORD_MINUTES', '5', 'Number of minutes to allow password resets to occur.', 6, 0, NULL, '2015-02-26 16:56:15', NULL, NULL),
(101, 'Allowed Attempts', 'MODULE_ACTION_RECORDER_RESET_PASSWORD_ATTEMPTS', '1', 'Number of password reset attempts to allow within the specified period.', 6, 0, NULL, '2015-02-26 16:56:15', NULL, NULL),
(102, 'Enable E-Mail Module', 'MODULE_SOCIAL_BOOKMARKS_EMAIL_STATUS', 'True', 'Do you want to allow products to be shared through e-mail?', 6, 1, NULL, '2015-02-26 16:56:15', NULL, 'tep_cfg_select_option(array(''True'', ''False''), '),
(103, 'Sort Order', 'MODULE_SOCIAL_BOOKMARKS_EMAIL_SORT_ORDER', '10', 'Sort order of display. Lowest is displayed first.', 6, 0, NULL, '2015-02-26 16:56:15', NULL, NULL),
(104, 'Enable Google+ Share Module', 'MODULE_SOCIAL_BOOKMARKS_GOOGLE_PLUS_SHARE_STATUS', 'True', 'Do you want to allow products to be shared through Google+?', 6, 1, NULL, '2015-02-26 16:56:16', NULL, 'tep_cfg_select_option(array(''True'', ''False''), '),
(105, 'Annotation', 'MODULE_SOCIAL_BOOKMARKS_GOOGLE_PLUS_SHARE_ANNOTATION', 'None', 'The annotation to display next to the button.', 6, 1, NULL, '2015-02-26 16:56:16', NULL, 'tep_cfg_select_option(array(''Inline'', ''Bubble'', ''Vertical-Bubble'', ''None''), '),
(106, 'Width', 'MODULE_SOCIAL_BOOKMARKS_GOOGLE_PLUS_SHARE_WIDTH', '', 'The maximum width of the button.', 6, 0, NULL, '2015-02-26 16:56:16', NULL, NULL),
(107, 'Height', 'MODULE_SOCIAL_BOOKMARKS_GOOGLE_PLUS_SHARE_HEIGHT', '15', 'Sets the height of the button.', 6, 1, NULL, '2015-02-26 16:56:16', NULL, 'tep_cfg_select_option(array(''15'', ''20'', ''24'', ''60''), '),
(108, 'Alignment', 'MODULE_SOCIAL_BOOKMARKS_GOOGLE_PLUS_SHARE_ALIGN', 'Left', 'The alignment of the button assets.', 6, 1, NULL, '2015-02-26 16:56:16', NULL, 'tep_cfg_select_option(array(''Left'', ''Right''), '),
(109, 'Sort Order', 'MODULE_SOCIAL_BOOKMARKS_GOOGLE_PLUS_SHARE_SORT_ORDER', '20', 'Sort order of display. Lowest is displayed first.', 6, 0, NULL, '2015-02-26 16:56:16', NULL, NULL),
(112, 'Enable Twitter Module', 'MODULE_SOCIAL_BOOKMARKS_TWITTER_STATUS', 'True', 'Do you want to allow products to be shared through Twitter?', 6, 1, NULL, '2015-02-26 16:56:16', NULL, 'tep_cfg_select_option(array(''True'', ''False''), '),
(113, 'Sort Order', 'MODULE_SOCIAL_BOOKMARKS_TWITTER_SORT_ORDER', '40', 'Sort order of display. Lowest is displayed first.', 6, 0, NULL, '2015-02-26 16:56:16', NULL, NULL),
(114, 'Enable Pinterest Module', 'MODULE_SOCIAL_BOOKMARKS_PINTEREST_STATUS', 'True', 'Do you want to allow Pinterest Button?', 6, 1, NULL, '2015-02-26 16:56:16', NULL, 'tep_cfg_select_option(array(''True'', ''False''), '),
(115, 'Layout Position', 'MODULE_SOCIAL_BOOKMARKS_PINTEREST_BUTTON_COUNT_POSITION', 'None', 'Horizontal or Vertical or None', 6, 2, NULL, '2015-02-26 16:56:16', NULL, 'tep_cfg_select_option(array(''Horizontal'', ''Vertical'', ''None''), '),
(116, 'Sort Order', 'MODULE_SOCIAL_BOOKMARKS_PINTEREST_SORT_ORDER', '50', 'Sort order of display. Lowest is displayed first.', 6, 0, NULL, '2015-02-26 16:56:16', NULL, NULL),
(117, 'Country of Origin', 'SHIPPING_ORIGIN_COUNTRY', '223', 'Select the country of origin to be used in shipping quotes.', 7, 1, NULL, '2015-02-26 16:56:16', 'tep_get_country_name', 'tep_cfg_pull_down_country_list('),
(118, 'Postal Code', 'SHIPPING_ORIGIN_ZIP', 'NONE', 'Enter the Postal Code (ZIP) of the Store to be used in shipping quotes.', 7, 2, NULL, '2015-02-26 16:56:16', NULL, NULL),
(119, 'Enter the Maximum Package Weight you will ship', 'SHIPPING_MAX_WEIGHT', '50', 'Carriers have a max weight limit for a single package. This is a common one for all.', 7, 3, NULL, '2015-02-26 16:56:16', NULL, NULL),
(120, 'Package Tare weight.', 'SHIPPING_BOX_WEIGHT', '3', 'What is the weight of typical packaging of small to medium packages?', 7, 4, NULL, '2015-02-26 16:56:16', NULL, NULL),
(121, 'Larger packages - percentage increase.', 'SHIPPING_BOX_PADDING', '10', 'For 10% enter 10', 7, 5, NULL, '2015-02-26 16:56:16', NULL, NULL),
(122, 'Allow Orders Not Matching Defined Shipping Zones ', 'SHIPPING_ALLOW_UNDEFINED_ZONES', 'False', 'Should orders be allowed to shipping addresses not matching defined shipping module shipping zones?', 7, 5, NULL, '2015-02-26 16:56:16', NULL, 'tep_cfg_select_option(array(''True'', ''False''), '),
(123, 'Display Product Image', 'PRODUCT_LIST_IMAGE', '1', 'Do you want to display the Product Image?', 8, 1, NULL, '2015-02-26 16:56:16', NULL, NULL),
(124, 'Display Product Manufacturer Name', 'PRODUCT_LIST_MANUFACTURER', '0', 'Do you want to display the Product Manufacturer Name?', 8, 2, NULL, '2015-02-26 16:56:17', NULL, NULL),
(125, 'Display Product Model', 'PRODUCT_LIST_MODEL', '0', 'Do you want to display the Product Model?', 8, 3, NULL, '2015-02-26 16:56:17', NULL, NULL),
(126, 'Display Product Name', 'PRODUCT_LIST_NAME', '2', 'Do you want to display the Product Name?', 8, 4, NULL, '2015-02-26 16:56:17', NULL, NULL),
(127, 'Display Product Price', 'PRODUCT_LIST_PRICE', '3', 'Do you want to display the Product Price', 8, 5, NULL, '2015-02-26 16:56:17', NULL, NULL),
(128, 'Display Product Quantity', 'PRODUCT_LIST_QUANTITY', '0', 'Do you want to display the Product Quantity?', 8, 6, NULL, '2015-02-26 16:56:17', NULL, NULL),
(129, 'Display Product Weight', 'PRODUCT_LIST_WEIGHT', '0', 'Do you want to display the Product Weight?', 8, 7, NULL, '2015-02-26 16:56:17', NULL, NULL),
(130, 'Display Buy Now column', 'PRODUCT_LIST_BUY_NOW', '4', 'Do you want to display the Buy Now column?', 8, 8, NULL, '2015-02-26 16:56:17', NULL, NULL),
(131, 'Display Category/Manufacturer Filter (0=disable; 1=enable)', 'PRODUCT_LIST_FILTER', '1', 'Do you want to display the Category/Manufacturer Filter?', 8, 9, NULL, '2015-02-26 16:56:17', NULL, NULL),
(132, 'Location of Prev/Next Navigation Bar (1-top, 2-bottom, 3-both)', 'PREV_NEXT_BAR_LOCATION', '2', 'Sets the location of the Prev/Next Navigation Bar (1-top, 2-bottom, 3-both)', 8, 10, NULL, '2015-02-26 16:56:17', NULL, NULL),
(133, 'Check stock level', 'STOCK_CHECK', 'true', 'Check to see if sufficent stock is available', 9, 1, NULL, '2015-02-26 16:56:17', NULL, 'tep_cfg_select_option(array(''true'', ''false''), '),
(134, 'Subtract stock', 'STOCK_LIMITED', 'true', 'Subtract product in stock by product orders', 9, 2, NULL, '2015-02-26 16:56:17', NULL, 'tep_cfg_select_option(array(''true'', ''false''), '),
(135, 'Allow Checkout', 'STOCK_ALLOW_CHECKOUT', 'true', 'Allow customer to checkout even if there is insufficient stock', 9, 3, NULL, '2015-02-26 16:56:17', NULL, 'tep_cfg_select_option(array(''true'', ''false''), '),
(136, 'Mark product out of stock', 'STOCK_MARK_PRODUCT_OUT_OF_STOCK', '***', 'Display something on screen so customer can see which product has insufficient stock', 9, 4, NULL, '2015-02-26 16:56:17', NULL, NULL),
(137, 'Stock Re-order level', 'STOCK_REORDER_LEVEL', '5', 'Define when stock needs to be re-ordered', 9, 5, NULL, '2015-02-26 16:56:17', NULL, NULL),
(138, 'Store Page Parse Time', 'STORE_PAGE_PARSE_TIME', 'false', 'Store the time it takes to parse a page', 10, 1, NULL, '2015-02-26 16:56:17', NULL, 'tep_cfg_select_option(array(''true'', ''false''), '),
(139, 'Log Destination', 'STORE_PAGE_PARSE_TIME_LOG', '/var/log/www/tep/page_parse_time.log', 'Directory and filename of the page parse time log', 10, 2, NULL, '2015-02-26 16:56:17', NULL, NULL),
(140, 'Log Date Format', 'STORE_PARSE_DATE_TIME_FORMAT', '%d/%m/%Y %H:%M:%S', 'The date format', 10, 3, NULL, '2015-02-26 16:56:17', NULL, NULL),
(141, 'Display The Page Parse Time', 'DISPLAY_PAGE_PARSE_TIME', 'true', 'Display the page parse time (store page parse time must be enabled)', 10, 4, NULL, '2015-02-26 16:56:17', NULL, 'tep_cfg_select_option(array(''true'', ''false''), '),
(142, 'Store Database Queries', 'STORE_DB_TRANSACTIONS', 'false', 'Store the database queries in the page parse time log', 10, 5, NULL, '2015-02-26 16:56:17', NULL, 'tep_cfg_select_option(array(''true'', ''false''), '),
(143, 'Use Cache', 'USE_CACHE', 'true', 'Use caching features', 11, 1, '2015-05-26 12:12:05', '2015-02-26 16:56:18', NULL, 'tep_cfg_select_option(array(''true'', ''false''), '),
(144, 'Cache Directory', 'DIR_FS_CACHE', '/var/www/osCommerce/includes/work/', 'The directory where the cached files are saved', 11, 2, NULL, '2015-02-26 16:56:18', NULL, NULL),
(145, 'E-Mail Transport Method', 'EMAIL_TRANSPORT', 'sendmail', 'Defines if this server uses a local connection to sendmail or uses an SMTP connection via TCP/IP. Servers running on Windows and MacOS should change this setting to SMTP.', 12, 1, NULL, '2015-02-26 16:56:18', NULL, 'tep_cfg_select_option(array(''sendmail'', ''smtp''),'),
(146, 'E-Mail Linefeeds', 'EMAIL_LINEFEED', 'LF', 'Defines the character sequence used to separate mail headers.', 12, 2, NULL, '2015-02-26 16:56:18', NULL, 'tep_cfg_select_option(array(''LF'', ''CRLF''),'),
(147, 'Use MIME HTML When Sending Emails', 'EMAIL_USE_HTML', 'false', 'Send e-mails in HTML format', 12, 3, NULL, '2015-02-26 16:56:18', NULL, 'tep_cfg_select_option(array(''true'', ''false''),'),
(148, 'Verify E-Mail Addresses Through DNS', 'ENTRY_EMAIL_ADDRESS_CHECK', 'false', 'Verify e-mail address through a DNS server', 12, 4, NULL, '2015-02-26 16:56:18', NULL, 'tep_cfg_select_option(array(''true'', ''false''), '),
(149, 'Send E-Mails', 'SEND_EMAILS', 'true', 'Send out e-mails', 12, 5, NULL, '2015-02-26 16:56:18', NULL, 'tep_cfg_select_option(array(''true'', ''false''), '),
(150, 'Enable download', 'DOWNLOAD_ENABLED', 'false', 'Enable the products download functions.', 13, 1, NULL, '2015-02-26 16:56:18', NULL, 'tep_cfg_select_option(array(''true'', ''false''), '),
(151, 'Download by redirect', 'DOWNLOAD_BY_REDIRECT', 'false', 'Use browser redirection for download. Disable on non-Unix systems.', 13, 2, NULL, '2015-02-26 16:56:18', NULL, 'tep_cfg_select_option(array(''true'', ''false''), '),
(152, 'Expiry delay (days)', 'DOWNLOAD_MAX_DAYS', '7', 'Set number of days before the download link expires. 0 means no limit.', 13, 3, NULL, '2015-02-26 16:56:18', NULL, ''),
(153, 'Maximum number of downloads', 'DOWNLOAD_MAX_COUNT', '5', 'Set the maximum number of downloads. 0 means no download authorized.', 13, 4, NULL, '2015-02-26 16:56:18', NULL, ''),
(154, 'Enable GZip Compression', 'GZIP_COMPRESSION', 'false', 'Enable HTTP GZip compression.', 14, 1, NULL, '2015-02-26 16:56:18', NULL, 'tep_cfg_select_option(array(''true'', ''false''), '),
(155, 'Compression Level', 'GZIP_LEVEL', '5', 'Use this compression level 0-9 (0 = minimum, 9 = maximum).', 14, 2, NULL, '2015-02-26 16:56:18', NULL, NULL),
(156, 'Session Directory', 'SESSION_WRITE_DIRECTORY', '/var/www/osCommerce/includes/work/', 'If sessions are file based, store them in this directory.', 15, 1, NULL, '2015-02-26 16:56:18', NULL, NULL),
(157, 'Force Cookie Use', 'SESSION_FORCE_COOKIE_USE', 'False', 'Force the use of sessions when cookies are only enabled.', 15, 2, NULL, '2015-02-26 16:56:18', NULL, 'tep_cfg_select_option(array(''True'', ''False''), '),
(158, 'Check SSL Session ID', 'SESSION_CHECK_SSL_SESSION_ID', 'False', 'Validate the SSL_SESSION_ID on every secure HTTPS page request.', 15, 3, NULL, '2015-02-26 16:56:18', NULL, 'tep_cfg_select_option(array(''True'', ''False''), '),
(159, 'Check User Agent', 'SESSION_CHECK_USER_AGENT', 'False', 'Validate the clients browser user agent on every page request.', 15, 4, NULL, '2015-02-26 16:56:18', NULL, 'tep_cfg_select_option(array(''True'', ''False''), '),
(160, 'Check IP Address', 'SESSION_CHECK_IP_ADDRESS', 'False', 'Validate the clients IP address on every page request.', 15, 5, NULL, '2015-02-26 16:56:18', NULL, 'tep_cfg_select_option(array(''True'', ''False''), '),
(161, 'Prevent Spider Sessions', 'SESSION_BLOCK_SPIDERS', 'True', 'Prevent known spiders from starting a session.', 15, 6, NULL, '2015-02-26 16:56:18', NULL, 'tep_cfg_select_option(array(''True'', ''False''), '),
(162, 'Recreate Session', 'SESSION_RECREATE', 'True', 'Recreate the session to generate a new session ID when the customer logs on or creates an account (PHP >=4.1 needed).', 15, 7, NULL, '2015-02-26 16:56:18', NULL, 'tep_cfg_select_option(array(''True'', ''False''), '),
(163, 'Last Update Check Time', 'LAST_UPDATE_CHECK_TIME', '', 'Last time a check for new versions of osCommerce was run', 6, 0, NULL, '2015-02-26 16:56:18', NULL, NULL),
(164, 'Store Logo', 'STORE_LOGO', 'shopping-cart-logo-online-store-vector-template-suitable-business-involved-selling-35889963.jpg', 'This is the filename of your Store Logo.  This should be updated at admin > configuration > Store Logo', 6, 1000, NULL, '2015-02-26 16:56:19', NULL, NULL),
(165, 'Bootstrap Container', 'BOOTSTRAP_CONTAINER', 'container', 'What type of container should the page content be shown in? See http://getbootstrap.com/css/#overview-container', 16, 1, '2015-06-01 10:29:44', '2015-02-26 16:56:19', NULL, 'tep_cfg_select_option(array(''container-fluid'', ''container''), '),
(166, 'Bootstrap Content', 'BOOTSTRAP_CONTENT', '6', 'What width should the page content default to?  (8 = two thirds width, 6 = half width, 4 = one third width) Note that the Side Column(s) will adjust automatically.', 16, 2, '2015-06-01 10:31:02', '2015-02-26 16:56:19', NULL, 'tep_cfg_select_option(array(''8'', ''6'', ''4''), '),
(167, 'Enable PayPal Express Checkout', 'MODULE_PAYMENT_PAYPAL_EXPRESS_STATUS', 'True', 'Do you want to accept PayPal Express Checkout payments?', 6, 1, NULL, '2015-02-26 16:56:52', NULL, 'tep_cfg_select_option(array(''True'', ''False''), '),
(168, 'Seller Account', 'MODULE_PAYMENT_PAYPAL_EXPRESS_SELLER_ACCOUNT', 'osc@gmail.com', 'The email address of the seller account if no API credentials has been setup.', 6, 0, NULL, '2015-02-26 16:56:52', NULL, NULL),
(169, 'API Username', 'MODULE_PAYMENT_PAYPAL_EXPRESS_API_USERNAME', 'kom.huy-facilitator_api1.gmail.com', 'The username to use for the PayPal API service', 6, 0, NULL, '2015-02-26 16:56:52', NULL, NULL),
(170, 'API Password', 'MODULE_PAYMENT_PAYPAL_EXPRESS_API_PASSWORD', '7FVFJT5SAKPCGUHB', 'The password to use for the PayPal API service', 6, 0, NULL, '2015-02-26 16:56:52', NULL, NULL),
(171, 'API Signature', 'MODULE_PAYMENT_PAYPAL_EXPRESS_API_SIGNATURE', 'A67TJ2nlTM9Dzyi2fE4dhkuBJ18FAPgglQNWhRX-wuYsAWXvc4GuUlTt', 'The signature to use for the PayPal API service', 6, 0, NULL, '2015-02-26 16:56:52', NULL, NULL),
(172, 'PayPal Account Optional', 'MODULE_PAYMENT_PAYPAL_EXPRESS_ACCOUNT_OPTIONAL', 'False', 'This must also be enabled in your PayPal account, in Profile > Website Payment Preferences.', 6, 0, NULL, '2015-02-26 16:56:52', NULL, 'tep_cfg_select_option(array(''True'', ''False''), '),
(173, 'PayPal Instant Update', 'MODULE_PAYMENT_PAYPAL_EXPRESS_INSTANT_UPDATE', 'True', 'Support PayPal shipping and tax calculations on the PayPal.com site during Express Checkout.', 6, 0, NULL, '2015-02-26 16:56:52', NULL, 'tep_cfg_select_option(array(''True'', ''False''), '),
(174, 'PayPal Checkout Image', 'MODULE_PAYMENT_PAYPAL_EXPRESS_CHECKOUT_IMAGE', 'Static', 'Use static or dynamic Express Checkout image buttons. Dynamic images are used with PayPal campaigns.', 6, 0, NULL, '2015-02-26 16:56:52', NULL, 'tep_cfg_select_option(array(''Static'', ''Dynamic''), '),
(175, 'Page Style', 'MODULE_PAYMENT_PAYPAL_EXPRESS_PAGE_STYLE', '', 'The page style to use for the checkout flow (defined at your PayPal Profile page)', 6, 0, NULL, '2015-02-26 16:56:52', NULL, NULL),
(176, 'Transaction Method', 'MODULE_PAYMENT_PAYPAL_EXPRESS_TRANSACTION_METHOD', 'Sale', 'The processing method to use for each transaction.', 6, 0, NULL, '2015-02-26 16:56:52', NULL, 'tep_cfg_select_option(array(''Authorization'', ''Sale''), '),
(177, 'Set Order Status', 'MODULE_PAYMENT_PAYPAL_EXPRESS_ORDER_STATUS_ID', '0', 'Set the status of orders made with this payment module to this value', 6, 0, NULL, '2015-02-26 16:56:52', 'tep_get_order_status_name', 'tep_cfg_pull_down_order_statuses('),
(178, 'PayPal Transactions Order Status Level', 'MODULE_PAYMENT_PAYPAL_EXPRESS_TRANSACTIONS_ORDER_STATUS_ID', '4', 'Include PayPal transaction information in this order status level', 6, 0, NULL, '2015-02-26 16:56:52', 'tep_get_order_status_name', 'tep_cfg_pull_down_order_statuses('),
(179, 'Payment Zone', 'MODULE_PAYMENT_PAYPAL_EXPRESS_ZONE', '0', 'If a zone is selected, only enable this payment method for that zone.', 6, 2, NULL, '2015-02-26 16:56:52', 'tep_get_zone_class_title', 'tep_cfg_pull_down_zone_classes('),
(180, 'Transaction Server', 'MODULE_PAYMENT_PAYPAL_EXPRESS_TRANSACTION_SERVER', 'Sandbox', 'Use the live or testing (sandbox) gateway server to process transactions?', 6, 0, NULL, '2015-02-26 16:56:52', NULL, 'tep_cfg_select_option(array(''Live'', ''Sandbox''), '),
(181, 'Verify SSL Certificate', 'MODULE_PAYMENT_PAYPAL_EXPRESS_VERIFY_SSL', 'True', 'Verify gateway server SSL certificate on connection?', 6, 1, NULL, '2015-02-26 16:56:52', NULL, 'tep_cfg_select_option(array(''True'', ''False''), '),
(182, 'Proxy Server', 'MODULE_PAYMENT_PAYPAL_EXPRESS_PROXY', '', 'Send API requests through this proxy server. (host:port, eg: 123.45.67.89:8080 or proxy.example.com:8080)', 6, 0, NULL, '2015-02-26 16:56:52', NULL, NULL),
(183, 'Debug E-Mail Address', 'MODULE_PAYMENT_PAYPAL_EXPRESS_DEBUG_EMAIL', '', 'All parameters of an invalid transaction will be sent to this email address.', 6, 0, NULL, '2015-02-26 16:56:53', NULL, NULL),
(184, 'Sort order of display.', 'MODULE_PAYMENT_PAYPAL_EXPRESS_SORT_ORDER', '0', 'Sort order of display. Lowest is displayed first.', 6, 0, NULL, '2015-02-26 16:56:53', NULL, NULL),
(185, 'Installed Modules', 'MODULE_HEADER_TAGS_INSTALLED', 'ht_manufacturer_title.php;ht_category_title.php;ht_product_title.php;ht_canonical.php;ht_robot_noindex.php;ht_datepicker_jquery.php;ht_grid_list_view.php;ht_table_click_jquery.php;ht_product_colorbox.php;ht_noscript.php;ht_opensearch.php;ht_twitter_product_card.php', 'List of header tag module filenames separated by a semi-colon. This is automatically updated. No need to edit.', 6, 0, '2015-02-27 13:46:31', '2015-02-26 16:56:53', NULL, NULL),
(186, 'Enable Category Title Module', 'MODULE_HEADER_TAGS_CATEGORY_TITLE_STATUS', 'True', 'Do you want to allow category titles to be added to the page title?', 6, 1, NULL, '2015-02-26 16:56:53', NULL, 'tep_cfg_select_option(array(''True'', ''False''), '),
(187, 'Sort Order', 'MODULE_HEADER_TAGS_CATEGORY_TITLE_SORT_ORDER', '200', 'Sort order of display. Lowest is displayed first.', 6, 0, NULL, '2015-02-26 16:56:53', NULL, NULL),
(188, 'Enable Manufacturer Title Module', 'MODULE_HEADER_TAGS_MANUFACTURER_TITLE_STATUS', 'True', 'Do you want to allow manufacturer titles to be added to the page title?', 6, 1, NULL, '2015-02-26 16:56:53', NULL, 'tep_cfg_select_option(array(''True'', ''False''), '),
(189, 'Sort Order', 'MODULE_HEADER_TAGS_MANUFACTURER_TITLE_SORT_ORDER', '100', 'Sort order of display. Lowest is displayed first.', 6, 0, NULL, '2015-02-26 16:56:53', NULL, NULL),
(190, 'Enable Product Title Module', 'MODULE_HEADER_TAGS_PRODUCT_TITLE_STATUS', 'True', 'Do you want to allow product titles to be added to the page title?', 6, 1, NULL, '2015-02-26 16:56:53', NULL, 'tep_cfg_select_option(array(''True'', ''False''), '),
(191, 'Sort Order', 'MODULE_HEADER_TAGS_PRODUCT_TITLE_SORT_ORDER', '300', 'Sort order of display. Lowest is displayed first.', 6, 0, NULL, '2015-02-26 16:56:53', NULL, NULL),
(192, 'Enable Canonical Module', 'MODULE_HEADER_TAGS_CANONICAL_STATUS', 'True', 'Do you want to enable the Canonical module?', 6, 1, NULL, '2015-02-26 16:56:53', NULL, 'tep_cfg_select_option(array(''True'', ''False''), '),
(193, 'Sort Order', 'MODULE_HEADER_TAGS_CANONICAL_SORT_ORDER', '400', 'Sort order of display. Lowest is displayed first.', 6, 0, NULL, '2015-02-26 16:56:53', NULL, NULL),
(194, 'Enable Robot NoIndex Module', 'MODULE_HEADER_TAGS_ROBOT_NOINDEX_STATUS', 'True', 'Do you want to enable the Robot NoIndex module?', 6, 1, NULL, '2015-02-26 16:56:53', NULL, 'tep_cfg_select_option(array(''True'', ''False''), '),
(195, 'Pages', 'MODULE_HEADER_TAGS_ROBOT_NOINDEX_PAGES', 'account.php;account_edit.php;account_history.php;account_history_info.php;account_newsletters.php;account_notifications.php;account_password.php;address_book.php;address_book_process.php;checkout_confirmation.php;checkout_payment.php;checkout_payment_address.php;checkout_process.php;checkout_shipping.php;checkout_shipping_address.php;checkout_success.php;cookie_usage.php;create_account.php;create_account_success.php;login.php;logoff.php;password_forgotten.php;password_reset.php;product_reviews_write.php;shopping_cart.php;ssl_check.php;tell_a_friend.php', 'The pages to add the meta robot noindex tag to.', 6, 0, NULL, '2015-02-26 16:56:53', 'ht_robot_noindex_show_pages', 'ht_robot_noindex_edit_pages('),
(196, 'Sort Order', 'MODULE_HEADER_TAGS_ROBOT_NOINDEX_SORT_ORDER', '500', 'Sort order of display. Lowest is displayed first.', 6, 0, NULL, '2015-02-26 16:56:53', NULL, NULL),
(197, 'Enable No Script Module', 'MODULE_HEADER_TAGS_NOSCRIPT_STATUS', 'True', 'Add message for people with .js turned off?', 6, 1, NULL, '2015-02-26 16:56:53', NULL, 'tep_cfg_select_option(array(''True'', ''False''), '),
(198, 'Sort Order', 'MODULE_HEADER_TAGS_NOSCRIPT_SORT_ORDER', '1000', 'Sort order of display. Lowest is displayed first.', 6, 0, NULL, '2015-02-26 16:56:53', NULL, NULL),
(199, 'Enable Datepicker jQuery Module', 'MODULE_HEADER_TAGS_DATEPICKER_JQUERY_STATUS', 'True', 'Do you want to enable the Datepicker module?', 6, 1, NULL, '2015-02-26 16:56:53', NULL, 'tep_cfg_select_option(array(''True'', ''False''), '),
(200, 'Pages', 'MODULE_HEADER_TAGS_DATEPICKER_JQUERY_PAGES', 'account_edit.php;advanced_search.php;create_account.php', 'The pages to add the Datepicker jQuery Scripts to.', 6, 0, NULL, '2015-02-26 16:56:53', 'ht_datepicker_jquery_show_pages', 'ht_datepicker_jquery_edit_pages('),
(201, 'Sort Order', 'MODULE_HEADER_TAGS_DATEPICKER_JQUERY_SORT_ORDER', '600', 'Sort order of display. Lowest is displayed first.', 6, 0, NULL, '2015-02-26 16:56:53', NULL, NULL),
(202, 'Enable Grid List javascript', 'MODULE_HEADER_TAGS_GRID_LIST_VIEW_STATUS', 'True', 'Do you want to enable the Grid/List Javascript module?', 6, 1, NULL, '2015-02-26 16:56:53', NULL, 'tep_cfg_select_option(array(''True'', ''False''), '),
(203, 'Pages', 'MODULE_HEADER_TAGS_GRID_LIST_VIEW_PAGES', 'advanced_search_result.php;index.php;products_new.php;specials.php', 'The pages to add the Grid List JS Scripts to.', 6, 0, NULL, '2015-02-26 16:56:53', 'ht_grid_list_view_show_pages', 'ht_grid_list_view_edit_pages('),
(204, 'Sort Order', 'MODULE_HEADER_TAGS_GRID_LIST_VIEW_SORT_ORDER', '700', 'Sort order of display. Lowest is displayed first.', 6, 0, NULL, '2015-02-26 16:56:54', NULL, NULL),
(205, 'Enable Clickable Table Rows Module', 'MODULE_HEADER_TAGS_TABLE_CLICK_JQUERY_STATUS', 'True', 'Do you want to enable the Clickable Table Rows module?', 6, 1, NULL, '2015-02-26 16:56:54', NULL, 'tep_cfg_select_option(array(''True'', ''False''), '),
(206, 'Pages', 'MODULE_HEADER_TAGS_TABLE_CLICK_JQUERY_PAGES', 'checkout_payment.php;checkout_shipping.php', 'The pages to add the jQuery Scripts to.', 6, 0, NULL, '2015-02-26 16:56:54', 'ht_table_click_jquery_show_pages', 'ht_table_click_jquery_edit_pages('),
(207, 'Sort Order', 'MODULE_HEADER_TAGS_TABLE_CLICK_JQUERY_SORT_ORDER', '800', 'Sort order of display. Lowest is displayed first.', 6, 0, NULL, '2015-02-26 16:56:54', NULL, NULL),
(208, 'Enable Colorbox Script', 'MODULE_HEADER_TAGS_PRODUCT_COLORBOX_STATUS', 'True', 'Do you want to enable the Colorbox Scripts?', 6, 1, NULL, '2015-02-26 16:56:54', NULL, 'tep_cfg_select_option(array(''True'', ''False''), '),
(209, 'Pages', 'MODULE_HEADER_TAGS_PRODUCT_COLORBOX_PAGES', 'product_info.php', 'The pages to add the Colorbox Scripts to.', 6, 0, NULL, '2015-02-26 16:56:54', 'ht_product_colorbox_show_pages', 'ht_product_colorbox_edit_pages('),
(210, 'Sort Order', 'MODULE_HEADER_TAGS_PRODUCT_COLORBOX_SORT_ORDER', '900', 'Sort order of display. Lowest is displayed first.', 6, 0, NULL, '2015-02-26 16:56:54', NULL, NULL),
(211, 'Installed Modules', 'MODULE_ADMIN_DASHBOARD_INSTALLED', 'd_customers.php;d_total_customers.php;d_total_revenue.php;d_admin_logins.php', 'List of Administration Tool Dashboard module filenames separated by a semi-colon. This is automatically updated. No need to edit.', 6, 0, '2015-06-09 16:08:03', '2015-02-26 16:56:54', NULL, NULL),
(234, 'Installed Modules', 'MODULE_BOXES_INSTALLED', 'bm_categories.php;bm_manufacturers.php', 'List of box module filenames separated by a semi-colon. This is automatically updated. No need to edit.', 6, 0, '2015-06-11 11:22:08', '2015-02-26 16:56:55', NULL, NULL),
(254, 'Installed Template Block Groups', 'TEMPLATE_BLOCK_GROUPS', 'boxes;header_tags', 'This is automatically updated. No need to edit.', 6, 0, NULL, '2015-02-26 16:56:56', NULL, NULL),
(255, 'Installed Modules', 'MODULE_CONTENT_INSTALLED', 'account/cm_account_stripe_cards;account/cm_account_set_password;checkout_success/cm_cs_redirect_old_order;checkout_success/cm_cs_thank_you;checkout_success/cm_cs_product_notifications;checkout_success/cm_cs_downloads;footer/cm_footer_account;footer/cm_footer_contact_us;footer/cm_footer_information_links;footer/cm_footer_text;footer_suffix/cm_footer_extra_copyright;footer_suffix/cm_footer_extra_icons;header/cm_header_logo;header/cm_header_search;header/cm_header_breadcrumb;login/cm_paypal_login;login/cm_login_form;login/cm_create_account_link;navigation/cm_navbar', 'This is automatically updated. No need to edit.', 6, 0, NULL, '2015-02-26 16:56:57', NULL, NULL),
(256, 'Enable Set Account Password', 'MODULE_CONTENT_ACCOUNT_SET_PASSWORD_STATUS', 'True', 'Do you want to enable the Set Account Password module?', 6, 1, NULL, '2015-02-26 16:56:57', NULL, 'tep_cfg_select_option(array(''True'', ''False''), '),
(257, 'Allow Local Passwords', 'MODULE_CONTENT_ACCOUNT_SET_PASSWORD_ALLOW_PASSWORD', 'True', 'Allow local account passwords to be set.', 6, 1, NULL, '2015-02-26 16:56:57', NULL, 'tep_cfg_select_option(array(''True'', ''False''), '),
(258, 'Sort Order', 'MODULE_CONTENT_ACCOUNT_SET_PASSWORD_SORT_ORDER', '100', 'Sort order of display. Lowest is displayed first.', 6, 0, NULL, '2015-02-26 16:56:57', NULL, NULL),
(259, 'Enable Redirect Old Order Module', 'MODULE_CONTENT_CHECKOUT_SUCCESS_REDIRECT_OLD_ORDER_STATUS', 'True', 'Should customers be redirected when viewing old checkout success orders?', 6, 1, NULL, '2015-02-26 16:56:57', NULL, 'tep_cfg_select_option(array(''True'', ''False''), '),
(260, 'Redirect Minutes', 'MODULE_CONTENT_CHECKOUT_SUCCESS_REDIRECT_OLD_ORDER_MINUTES', '60', 'Redirect customers to the My Account page after an order older than this amount is viewed.', 6, 0, NULL, '2015-02-26 16:56:57', NULL, NULL),
(261, 'Sort Order', 'MODULE_CONTENT_CHECKOUT_SUCCESS_REDIRECT_OLD_ORDER_SORT_ORDER', '500', 'Sort order of display. Lowest is displayed first.', 6, 0, NULL, '2015-02-26 16:56:57', NULL, NULL),
(262, 'Enable Thank You Module', 'MODULE_CONTENT_CHECKOUT_SUCCESS_THANK_YOU_STATUS', 'True', 'Should the thank you block be shown on the checkout success page?', 6, 1, NULL, '2015-02-26 16:56:57', NULL, 'tep_cfg_select_option(array(''True'', ''False''), '),
(263, 'Sort Order', 'MODULE_CONTENT_CHECKOUT_SUCCESS_THANK_YOU_SORT_ORDER', '1000', 'Sort order of display. Lowest is displayed first.', 6, 0, NULL, '2015-02-26 16:56:57', NULL, NULL),
(264, 'Enable Product Notifications Module', 'MODULE_CONTENT_CHECKOUT_SUCCESS_PRODUCT_NOTIFICATIONS_STATUS', 'True', 'Should the product notifications block be shown on the checkout success page?', 6, 1, NULL, '2015-02-26 16:56:57', NULL, 'tep_cfg_select_option(array(''True'', ''False''), '),
(265, 'Sort Order', 'MODULE_CONTENT_CHECKOUT_SUCCESS_PRODUCT_NOTIFICATIONS_SORT_ORDER', '2000', 'Sort order of display. Lowest is displayed first.', 6, 3, NULL, '2015-02-26 16:56:57', NULL, NULL),
(266, 'Enable Product Downloads Module', 'MODULE_CONTENT_CHECKOUT_SUCCESS_DOWNLOADS_STATUS', 'True', 'Should ordered product download links be shown on the checkout success page?', 6, 1, NULL, '2015-02-26 16:56:57', NULL, 'tep_cfg_select_option(array(''True'', ''False''), '),
(267, 'Sort Order', 'MODULE_CONTENT_CHECKOUT_SUCCESS_DOWNLOADS_SORT_ORDER', '3000', 'Sort order of display. Lowest is displayed first.', 6, 3, NULL, '2015-02-26 16:56:57', NULL, NULL),
(268, 'Enable Login Form Module', 'MODULE_CONTENT_LOGIN_FORM_STATUS', 'True', 'Do you want to enable the login form module?', 6, 1, NULL, '2015-02-26 16:56:57', NULL, 'tep_cfg_select_option(array(''True'', ''False''), '),
(269, 'Content Width', 'MODULE_CONTENT_LOGIN_FORM_CONTENT_WIDTH', 'Half', 'Should the content be shown in a full or half width container?', 6, 1, NULL, '2015-02-26 16:56:57', NULL, 'tep_cfg_select_option(array(''Full'', ''Half''), '),
(270, 'Sort Order', 'MODULE_CONTENT_LOGIN_FORM_SORT_ORDER', '1000', 'Sort order of display. Lowest is displayed first.', 6, 0, NULL, '2015-02-26 16:56:57', NULL, NULL),
(271, 'Enable New User Module', 'MODULE_CONTENT_CREATE_ACCOUNT_LINK_STATUS', 'True', 'Do you want to enable the new user module?', 6, 1, NULL, '2015-02-26 16:56:58', NULL, 'tep_cfg_select_option(array(''True'', ''False''), '),
(272, 'Content Width', 'MODULE_CONTENT_CREATE_ACCOUNT_LINK_CONTENT_WIDTH', 'Half', 'Should the content be shown in a full or half width container?', 6, 1, NULL, '2015-02-26 16:56:58', NULL, 'tep_cfg_select_option(array(''Full'', ''Half''), '),
(273, 'Sort Order', 'MODULE_CONTENT_CREATE_ACCOUNT_LINK_SORT_ORDER', '2000', 'Sort order of display. Lowest is displayed first.', 6, 0, NULL, '2015-02-26 16:56:58', NULL, NULL),
(274, 'Security Check Extended Last Run', 'MODULE_SECURITY_CHECK_EXTENDED_LAST_RUN_DATETIME', '1434947792', 'The date and time the last extended security check was performed.', 6, NULL, NULL, '2015-02-27 11:29:40', NULL, NULL),
(291, 'Enable OpenSearch Module', 'MODULE_HEADER_TAGS_OPENSEARCH_STATUS', 'True', 'Add shop search functionality to the browser?', 6, 1, NULL, '2015-02-27 12:14:22', NULL, 'tep_cfg_select_option(array(''True'', ''False''), '),
(292, 'Short Name', 'MODULE_HEADER_TAGS_OPENSEARCH_SITE_SHORT_NAME', 'osc', 'Short name to describe the search engine.', 6, 0, NULL, '2015-02-27 12:14:22', NULL, NULL),
(293, 'Description', 'MODULE_HEADER_TAGS_OPENSEARCH_SITE_DESCRIPTION', 'Search osc', 'Description of the search engine.', 6, 0, NULL, '2015-02-27 12:14:22', NULL, NULL),
(294, 'Contact', 'MODULE_HEADER_TAGS_OPENSEARCH_SITE_CONTACT', 'osc@gmail.com', 'E-Mail address of the search engine maintainer. (optional)', 6, 0, NULL, '2015-02-27 12:14:22', NULL, NULL),
(295, 'Tags', 'MODULE_HEADER_TAGS_OPENSEARCH_SITE_TAGS', '', 'Keywords to identify and categorize the search content, separated by an empty space. (optional)', 6, 0, NULL, '2015-02-27 12:14:22', NULL, NULL),
(296, 'Attribution', 'MODULE_HEADER_TAGS_OPENSEARCH_SITE_ATTRIBUTION', 'Copyright (c) osc', 'Attribution for the search content. (optional)', 6, 0, NULL, '2015-02-27 12:14:22', NULL, NULL),
(297, 'Adult Content', 'MODULE_HEADER_TAGS_OPENSEARCH_SITE_ADULT_CONTENT', 'False', 'Search content contains material suitable only for adults.', 6, 0, NULL, '2015-02-27 12:14:22', NULL, 'tep_cfg_select_option(array(''True'', ''False''), '),
(298, '16x16 Icon', 'MODULE_HEADER_TAGS_OPENSEARCH_SITE_ICON', 'http://localhost/osCommerce/favicon.ico', 'A 16x16 sized icon (must be in .ico format, eg http://server/favicon.ico). (optional)', 6, 0, NULL, '2015-02-27 12:14:22', NULL, NULL),
(299, '64x64 Image', 'MODULE_HEADER_TAGS_OPENSEARCH_SITE_IMAGE', '', 'A 64x64 sized image (must be in .png format, eg http://server/images/logo.png). (optional)', 6, 0, NULL, '2015-02-27 12:14:22', NULL, NULL),
(300, 'Sort Order', 'MODULE_HEADER_TAGS_OPENSEARCH_SORT_ORDER', '0', 'Sort order of display. Lowest is displayed first.', 6, 0, NULL, '2015-02-27 12:14:22', NULL, NULL),
(301, 'Enable Twitter Product Card Module', 'MODULE_HEADER_TAGS_TWITTER_PRODUCT_CARD_STATUS', 'True', 'Do you want to allow Twitter Product Card tags to be added to your product information pages? Note that your product images MUST be at least 160px by 160px.', 6, 1, NULL, '2015-02-27 12:15:20', NULL, 'tep_cfg_select_option(array(''True'', ''False''), '),
(302, 'Twitter Author @username', 'MODULE_HEADER_TAGS_TWITTER_PRODUCT_CARD_USER_ID', '', 'Your @username at Twitter', 6, 0, NULL, '2015-02-27 12:15:20', NULL, NULL),
(303, 'Twitter Shop @username', 'MODULE_HEADER_TAGS_TWITTER_PRODUCT_CARD_SITE_ID', '', 'Your shops @username at Twitter (or leave blank if it is the same as your @username above).', 6, 0, NULL, '2015-02-27 12:15:20', NULL, NULL),
(304, 'Sort Order', 'MODULE_HEADER_TAGS_TWITTER_PRODUCT_CARD_SORT_ORDER', '0', 'Sort order of display. Lowest is displayed first.', 6, 0, NULL, '2015-02-27 12:15:20', NULL, NULL),
(305, 'Enable Header Breadcrumb Module', 'MODULE_CONTENT_HEADER_BREADCRUMB_STATUS', 'True', 'Do you want to enable the Breadcrumb content module?', 6, 1, NULL, '2015-02-27 12:23:26', NULL, 'tep_cfg_select_option(array(''True'', ''False''), '),
(306, 'Content Width', 'MODULE_CONTENT_HEADER_BREADCRUMB_CONTENT_WIDTH', '12', 'What width container should the content be shown in?', 6, 1, NULL, '2015-02-27 12:23:26', NULL, 'tep_cfg_select_option(array(''12'', ''11'', ''10'', ''9'', ''8'', ''7'', ''6'', ''5'', ''4'', ''3'', ''2'', ''1''), '),
(307, 'Sort Order', 'MODULE_CONTENT_HEADER_BREADCRUMB_SORT_ORDER', '2', 'Sort order of display. Lowest is displayed first.', 6, 0, NULL, '2015-02-27 12:23:26', NULL, NULL),
(308, 'Enable Header Logo Module', 'MODULE_CONTENT_HEADER_LOGO_STATUS', 'True', 'Do you want to enable the Logo content module?', 6, 1, NULL, '2015-02-27 12:23:56', NULL, 'tep_cfg_select_option(array(''True'', ''False''), '),
(309, 'Content Width', 'MODULE_CONTENT_HEADER_LOGO_CONTENT_WIDTH', '4', 'What width container should the content be shown in?', 6, 1, NULL, '2015-02-27 12:23:56', NULL, 'tep_cfg_select_option(array(''12'', ''11'', ''10'', ''9'', ''8'', ''7'', ''6'', ''5'', ''4'', ''3'', ''2'', ''1''), '),
(310, 'Sort Order', 'MODULE_CONTENT_HEADER_LOGO_SORT_ORDER', '0', 'Sort order of display. Lowest is displayed first.', 6, 0, NULL, '2015-02-27 12:23:56', NULL, NULL),
(311, 'Enable Navbar Module', 'MODULE_CONTENT_NAVBAR_STATUS', 'True', 'Should the Navbar be shown? ', 6, 1, NULL, '2015-02-27 12:24:09', NULL, 'tep_cfg_select_option(array(''True'', ''False''), ');
INSERT INTO `configuration` (`configuration_id`, `configuration_title`, `configuration_key`, `configuration_value`, `configuration_description`, `configuration_group_id`, `sort_order`, `last_modified`, `date_added`, `use_function`, `set_function`) VALUES
(312, 'Sort Order', 'MODULE_CONTENT_NAVBAR_SORT_ORDER', '0', 'Sort order of display. Lowest is displayed first.', 6, 0, NULL, '2015-02-27 12:24:09', NULL, NULL),
(313, 'Enable Search Box Module', 'MODULE_CONTENT_HEADER_SEARCH_STATUS', 'True', 'Do you want to enable the Search Box content module?', 6, 1, NULL, '2015-02-27 12:24:17', NULL, 'tep_cfg_select_option(array(''True'', ''False''), '),
(314, 'Content Width', 'MODULE_CONTENT_HEADER_SEARCH_CONTENT_WIDTH', '4', 'What width container should the content be shown in?', 6, 1, NULL, '2015-02-27 12:24:17', NULL, 'tep_cfg_select_option(array(''12'', ''11'', ''10'', ''9'', ''8'', ''7'', ''6'', ''5'', ''4'', ''3'', ''2'', ''1''), '),
(315, 'Sort Order', 'MODULE_CONTENT_HEADER_SEARCH_SORT_ORDER', '0', 'Sort order of display. Lowest is displayed first.', 6, 0, NULL, '2015-02-27 12:24:17', NULL, NULL),
(316, 'Enable Account Footer Module', 'MODULE_CONTENT_FOOTER_ACCOUNT_STATUS', 'False', 'Do you want to enable the Account content module?', 6, 1, NULL, '2015-02-27 12:24:59', NULL, 'tep_cfg_select_option(array(''True'', ''False''), '),
(317, 'Content Width', 'MODULE_CONTENT_FOOTER_ACCOUNT_CONTENT_WIDTH', '3', 'What width container should the content be shown in? (12 = full width, 6 = half width).', 6, 1, NULL, '2015-02-27 12:25:00', NULL, 'tep_cfg_select_option(array(''12'', ''11'', ''10'', ''9'', ''8'', ''7'', ''6'', ''5'', ''4'', ''3'', ''2'', ''1''), '),
(318, 'Sort Order', 'MODULE_CONTENT_FOOTER_ACCOUNT_SORT_ORDER', '0', 'Sort order of display. Lowest is displayed first.', 6, 0, NULL, '2015-02-27 12:25:00', NULL, NULL),
(319, 'Enable Contact Us Footer Module', 'MODULE_CONTENT_FOOTER_CONTACT_US_STATUS', 'True', 'Do you want to enable the Contact Us content module?', 6, 1, NULL, '2015-02-27 12:25:11', NULL, 'tep_cfg_select_option(array(''True'', ''False''), '),
(320, 'Content Width', 'MODULE_CONTENT_FOOTER_CONTACT_US_CONTENT_WIDTH', '4', 'What width container should the content be shown in? (12 = full width, 6 = half width).', 6, 1, NULL, '2015-02-27 12:25:11', NULL, 'tep_cfg_select_option(array(''12'', ''11'', ''10'', ''9'', ''8'', ''7'', ''6'', ''5'', ''4'', ''3'', ''2'', ''1''), '),
(321, 'Sort Order', 'MODULE_CONTENT_FOOTER_CONTACT_US_SORT_ORDER', '0', 'Sort order of display. Lowest is displayed first.', 6, 0, NULL, '2015-02-27 12:25:11', NULL, NULL),
(325, 'Enable Generic Text Footer Module', 'MODULE_CONTENT_FOOTER_TEXT_STATUS', 'True', 'Do you want to enable the Generic Text content module?', 6, 1, NULL, '2015-02-27 12:26:32', NULL, 'tep_cfg_select_option(array(''True'', ''False''), '),
(326, 'Content Width', 'MODULE_CONTENT_FOOTER_TEXT_CONTENT_WIDTH', '3', 'What width container should the content be shown in? (12 = full width, 6 = half width).', 6, 1, NULL, '2015-02-27 12:26:32', NULL, 'tep_cfg_select_option(array(''12'', ''11'', ''10'', ''9'', ''8'', ''7'', ''6'', ''5'', ''4'', ''3'', ''2'', ''1''), '),
(327, 'Sort Order', 'MODULE_CONTENT_FOOTER_TEXT_SORT_ORDER', '0', 'Sort order of display. Lowest is displayed first.', 6, 0, NULL, '2015-02-27 12:26:32', NULL, NULL),
(338, 'Enable Copyright Details Footer Module', 'MODULE_CONTENT_FOOTER_EXTRA_COPYRIGHT_STATUS', 'True', 'Do you want to enable the Copyright content module?', 6, 1, NULL, '2015-02-27 12:27:43', NULL, 'tep_cfg_select_option(array(''True'', ''False''), '),
(339, 'Content Width', 'MODULE_CONTENT_FOOTER_EXTRA_COPYRIGHT_CONTENT_WIDTH', '6', 'What width container should the content be shown in? (12 = full width, 6 = half width).', 6, 1, NULL, '2015-02-27 12:27:43', NULL, 'tep_cfg_select_option(array(''12'', ''11'', ''10'', ''9'', ''8'', ''7'', ''6'', ''5'', ''4'', ''3'', ''2'', ''1''), '),
(340, 'Sort Order', 'MODULE_CONTENT_FOOTER_EXTRA_COPYRIGHT_SORT_ORDER', '0', 'Sort order of display. Lowest is displayed first.', 6, 0, NULL, '2015-02-27 12:27:43', NULL, NULL),
(341, 'Enable Stripe Card Management', 'MODULE_CONTENT_ACCOUNT_STRIPE_CARDS_STATUS', 'True', 'Do you want to enable the Stripe Card Management module?', 6, 1, NULL, '2015-02-27 12:28:35', NULL, 'tep_cfg_select_option(array(''True'', ''False''), '),
(342, 'Sort Order', 'MODULE_CONTENT_ACCOUNT_STRIPE_CARDS_SORT_ORDER', '0', 'Sort order of display. Lowest is displayed first.', 6, 0, NULL, '2015-02-27 12:28:35', NULL, NULL),
(343, 'Enable Information Links Footer Module', 'MODULE_CONTENT_FOOTER_INFORMATION_STATUS', 'True', 'Do you want to enable the Information Links content module?', 6, 1, NULL, '2015-02-27 12:28:42', NULL, 'tep_cfg_select_option(array(''True'', ''False''), '),
(344, 'Content Width', 'MODULE_CONTENT_FOOTER_INFORMATION_CONTENT_WIDTH', '4', 'What width container should the content be shown in? (12 = full width, 6 = half width).', 6, 1, NULL, '2015-02-27 12:28:42', NULL, 'tep_cfg_select_option(array(''12'', ''11'', ''10'', ''9'', ''8'', ''7'', ''6'', ''5'', ''4'', ''3'', ''2'', ''1''), '),
(345, 'Sort Order', 'MODULE_CONTENT_FOOTER_INFORMATION_SORT_ORDER', '0', 'Sort order of display. Lowest is displayed first.', 6, 0, NULL, '2015-02-27 12:28:42', NULL, NULL),
(346, 'Enable SEO URLs?', 'SEO_ENABLED', 'true', 'Enable the SEO URLs?  This is a global setting and will turn them off completely.', 17, 0, '2015-03-19 14:29:54', '2015-03-19 14:29:54', NULL, 'tep_cfg_select_option(array(''true'', ''false''),'),
(347, 'Add cPath to product URLs?', 'SEO_ADD_CID_TO_PRODUCT_URLS', 'true', 'This setting will append the cPath to the end of product URLs (i.e. - some-product-p-1.html?cPath=xx).', 17, 1, '2015-03-21 15:11:03', '2015-03-19 14:29:54', NULL, 'tep_cfg_select_option(array(''true'', ''false''),'),
(348, 'Add category parent to product URLs?', 'SEO_ADD_CPATH_TO_PRODUCT_URLS', 'true', 'This setting will append the category parent(s) name to the product URLs (i.e. - parent-some-product-p-1.html).', 17, 2, '2015-03-21 15:11:09', '2015-03-19 14:29:54', NULL, 'tep_cfg_select_option(array(''true'', ''false''),'),
(349, 'Add category parent to begining of URLs?', 'SEO_ADD_CAT_PARENT', 'false', 'This setting will add the category parent(s) name to the beginning of the category URLs (i.e. - parent-category-c-1.html).', 17, 3, '2015-03-19 14:29:54', '2015-03-19 14:29:54', NULL, 'tep_cfg_select_option(array(''true'', ''false''),'),
(350, 'Filter Short Words', 'SEO_URLS_FILTER_SHORT_WORDS', '3', 'This setting will filter words less than or equal to the value from the URL.', 17, 4, '2015-03-19 14:29:54', '2015-03-19 14:29:54', NULL, NULL),
(351, 'Output W3C valid URLs (parameter string)?', 'SEO_URLS_USE_W3C_VALID', 'true', 'This setting will output W3C valid URLs.', 17, 5, '2015-03-19 14:29:54', '2015-03-19 14:29:54', NULL, 'tep_cfg_select_option(array(''true'', ''false''),'),
(352, 'Enable SEO cache to save queries?', 'USE_SEO_CACHE_GLOBAL', 'true', 'This is a global setting and will turn off caching completely.', 17, 6, '2015-03-19 14:29:54', '2015-03-19 14:29:54', NULL, 'tep_cfg_select_option(array(''true'', ''false''),'),
(353, 'Enable product cache?', 'USE_SEO_CACHE_PRODUCTS', 'true', 'This will turn off caching for the products.', 17, 7, '2015-03-19 14:29:54', '2015-03-19 14:29:54', NULL, 'tep_cfg_select_option(array(''true'', ''false''),'),
(354, 'Enable categories cache?', 'USE_SEO_CACHE_CATEGORIES', 'true', 'This will turn off caching for the categories.', 17, 8, '2015-03-19 14:29:54', '2015-03-19 14:29:54', NULL, 'tep_cfg_select_option(array(''true'', ''false''),'),
(355, 'Enable manufacturers cache?', 'USE_SEO_CACHE_MANUFACTURERS', 'true', 'This will turn off caching for the manufacturers.', 17, 9, '2015-03-19 14:29:54', '2015-03-19 14:29:54', NULL, 'tep_cfg_select_option(array(''true'', ''false''),'),
(356, 'Enable Articles Manager Articles cache?', 'USE_SEO_CACHE_ARTICLES', 'false', 'This will turn off caching for the Articles Manager articles.', 17, 10, '2015-03-19 14:29:54', '2015-03-19 14:29:54', NULL, 'tep_cfg_select_option(array(''true'', ''false''),'),
(357, 'Enable Articles Manager Topics cache?', 'USE_SEO_CACHE_TOPICS', 'false', 'This will turn off caching for the Articles Manager topics.', 17, 11, '2015-03-19 14:29:55', '2015-03-19 14:29:55', NULL, 'tep_cfg_select_option(array(''true'', ''false''),'),
(358, 'Enable FAQDesk Categories cache?', 'USE_SEO_CACHE_FAQDESK_CATEGORIES', 'false', 'This will turn off caching for the FAQDesk Category pages.', 17, 12, '2015-03-19 14:29:55', '2015-03-19 14:29:55', NULL, 'tep_cfg_select_option(array(''true'', ''false''),'),
(359, 'Enable Information Pages cache?', 'USE_SEO_CACHE_INFO_PAGES', 'false', 'This will turn off caching for Information Pages.', 17, 13, '2015-03-19 14:29:55', '2015-03-19 14:29:55', NULL, 'tep_cfg_select_option(array(''true'', ''false''),'),
(360, 'Enable Links Manager cache?', 'USE_SEO_CACHE_LINKS', 'false', 'This will turn off caching for the Links Manager category pages.', 17, 14, '2015-03-19 14:29:55', '2015-03-19 14:29:55', NULL, 'tep_cfg_select_option(array(''true'', ''false''),'),
(361, 'Enable NewsDesk Articles cache?', 'USE_SEO_CACHE_NEWSDESK_ARTICLES', 'false', 'This will turn off caching for the NewsDesk Article pages.', 17, 15, '2015-03-19 14:29:55', '2015-03-19 14:29:55', NULL, 'tep_cfg_select_option(array(''true'', ''false''),'),
(362, 'Enable NewsDesk Categories cache?', 'USE_SEO_CACHE_NEWSDESK_CATEGORIES', 'false', 'This will turn off caching for the NewsDesk Category pages.', 17, 16, '2015-03-19 14:29:55', '2015-03-19 14:29:55', NULL, 'tep_cfg_select_option(array(''true'', ''false''),'),
(363, 'Enable Pollbooth cache?', 'USE_SEO_CACHE_POLLBOOTH', 'false', 'This will turn off caching for Pollbooth.', 17, 17, '2015-03-19 14:29:55', '2015-03-19 14:29:55', NULL, 'tep_cfg_select_option(array(''true'', ''false''),'),
(364, 'Enable Page Editor cache?', 'USE_SEO_CACHE_PAGE_EDITOR', 'false', 'This will turn off caching for the Page Editor pages.', 17, 18, '2015-03-19 14:29:55', '2015-03-19 14:29:55', NULL, 'tep_cfg_select_option(array(''true'', ''false''),'),
(365, 'Enable automatic redirects?', 'USE_SEO_REDIRECT', 'true', 'This will activate the automatic redirect code and send 301 headers for old to new URLs.', 17, 19, '2015-03-19 14:29:55', '2015-03-19 14:29:55', NULL, 'tep_cfg_select_option(array(''true'', ''false''),'),
(366, 'Enable use Header Tags SEO as name?', 'USE_SEO_HEADER_TAGS', 'false', 'This will cause the title set in Header Tags SEO to be used instead of the categories or products name.', 17, 20, '2015-03-19 14:29:55', '2015-03-19 14:29:55', NULL, 'tep_cfg_select_option(array(''true'', ''false''),'),
(367, 'Enable performance checker?', 'USE_SEO_PERFORMANCE_CHECK', 'false', 'This will cause the code to track all database queries so that its affect on the speed of the page can be determined. Enabling it will cause a small speed loss.', 17, 21, '2015-03-19 14:29:55', '2015-03-19 14:29:55', NULL, 'tep_cfg_select_option(array(''true'', ''false''),'),
(368, 'Choose URL Rewrite Type', 'SEO_REWRITE_TYPE', 'Rewrite', 'Choose which SEO URL format to use.', 17, 22, '2015-03-19 14:29:55', '2015-03-19 14:29:55', NULL, 'tep_cfg_select_option(array(''Rewrite''),'),
(369, 'Enter special character conversions', 'SEO_CHAR_CONVERT_SET', '', 'This setting will convert characters.<br><br>The format <b>MUST</b> be in the form: <b>char=>conv,char2=>conv2</b>', 17, 23, '2015-03-19 14:29:55', '2015-03-19 14:29:55', NULL, NULL),
(370, 'Remove all non-alphanumeric characters?', 'SEO_REMOVE_ALL_SPEC_CHARS', 'false', 'This will remove all non-letters and non-numbers.  This should be handy to remove all special characters with 1 setting.', 17, 24, '2015-03-19 14:29:55', '2015-03-19 14:29:55', NULL, 'tep_cfg_select_option(array(''true'', ''false''),'),
(371, 'Reset SEO URLs Cache', 'SEO_URLS_CACHE_RESET', 'false', 'This will reset the cache data for SEO', 17, 25, '2015-03-19 14:29:55', '2015-03-19 14:29:55', 'tep_reset_cache_data_seo_urls', 'tep_cfg_select_option(array(''reset'', ''false''),'),
(372, 'Uninstall Ultimate SEO', 'SEO_URLS_DB_UNINSTALL', 'false', 'This will delete all of the entries in the configuration table for SEO', 17, 26, '2015-03-19 14:29:55', '2015-03-19 14:29:55', 'tep_reset_cache_data_seo_urls', 'tep_cfg_select_option(array(''uninstall'', ''false''),'),
(373, 'Enable Payment Icons Footer Module', 'MODULE_CONTENT_FOOTER_EXTRA_ICONS_STATUS', 'True', 'Do you want to enable the Payment Icons content module?', 6, 1, NULL, '2015-05-25 11:59:31', NULL, 'tep_cfg_select_option(array(''True'', ''False''), '),
(374, 'Content Width', 'MODULE_CONTENT_FOOTER_EXTRA_ICONS_CONTENT_WIDTH', '6', 'What width container should the content be shown in? (12 = full width, 6 = half width).', 6, 1, NULL, '2015-05-25 11:59:31', NULL, 'tep_cfg_select_option(array(''12'', ''11'', ''10'', ''9'', ''8'', ''7'', ''6'', ''5'', ''4'', ''3'', ''2'', ''1''), '),
(375, 'Sort Order', 'MODULE_CONTENT_FOOTER_EXTRA_ICONS_SORT_ORDER', '0', 'Sort order of display. Lowest is displayed first.', 6, 0, NULL, '2015-05-25 11:59:32', NULL, NULL),
(376, 'Enable Facebook Module', 'MODULE_SOCIAL_BOOKMARKS_FACEBOOK_STATUS', 'True', 'Do you want to allow products to be shared through Facebook?', 6, 1, NULL, '2015-05-25 12:05:07', NULL, 'tep_cfg_select_option(array(''True'', ''False''), '),
(377, 'Sort Order', 'MODULE_SOCIAL_BOOKMARKS_FACEBOOK_SORT_ORDER', '0', 'Sort order of display. Lowest is displayed first.', 6, 0, NULL, '2015-05-25 12:05:07', NULL, NULL),
(452, 'Installed Modules', '', '', 'This is automatically updated. No need to edit.', 6, 0, NULL, '2015-05-26 12:18:05', NULL, NULL),
(549, 'Enable Flat Shipping', 'MODULE_SHIPPING_FLAT_STATUS', 'True', 'Do you want to offer flat rate shipping?', 6, 0, NULL, '2015-06-04 14:42:05', NULL, 'tep_cfg_select_option(array(''True'', ''False''), '),
(550, 'Shipping Cost', 'MODULE_SHIPPING_FLAT_COST', '5.00', 'The shipping cost for all orders using this shipping method.', 6, 0, NULL, '2015-06-04 14:42:05', NULL, NULL),
(551, 'Tax Class', 'MODULE_SHIPPING_FLAT_TAX_CLASS', '0', 'Use the following tax class on the shipping fee.', 6, 0, NULL, '2015-06-04 14:42:05', 'tep_get_tax_class_title', 'tep_cfg_pull_down_tax_classes('),
(552, 'Shipping Zone', 'MODULE_SHIPPING_FLAT_ZONE', '0', 'If a zone is selected, only enable this shipping method for that zone.', 6, 0, NULL, '2015-06-04 14:42:05', 'tep_get_zone_class_title', 'tep_cfg_pull_down_zone_classes('),
(553, 'Sort Order', 'MODULE_SHIPPING_FLAT_SORT_ORDER', '0', 'Sort order of display.', 6, 0, NULL, '2015-06-04 14:42:05', NULL, NULL),
(617, 'Enable Manufacturers Module', 'MODULE_BOXES_MANUFACTURERS_STATUS', 'True', 'Do you want to add the module to your shop?', 6, 1, NULL, '2015-06-04 18:21:21', NULL, 'tep_cfg_select_option(array(''True'', ''False''), '),
(618, 'Content Placement', 'MODULE_BOXES_MANUFACTURERS_CONTENT_PLACEMENT', 'Left Column', 'Should the module be loaded in the left or right column?', 6, 1, NULL, '2015-06-04 18:21:21', NULL, 'tep_cfg_select_option(array(''Left Column'', ''Right Column''), '),
(619, 'Sort Order', 'MODULE_BOXES_MANUFACTURERS_SORT_ORDER', '0', 'Sort order of display. Lowest is displayed first.', 6, 0, NULL, '2015-06-04 18:21:21', NULL, NULL),
(1310, 'Enable Table Method', 'MODULE_SHIPPING_TABLE_STATUS', 'True', 'Do you want to offer table rate shipping?', 6, 0, NULL, '2015-06-05 15:47:28', NULL, 'tep_cfg_select_option(array(''True'', ''False''), '),
(1311, 'Shipping Table', 'MODULE_SHIPPING_TABLE_COST', '25:8.50,50:5.50,10000:0.00', 'The shipping cost is based on the total cost or weight of items. Example: 25:8.50,50:5.50,etc.. Up to 25 charge 8.50, from there to 50 charge 5.50, etc', 6, 0, NULL, '2015-06-05 15:47:28', NULL, NULL),
(1312, 'Table Method', 'MODULE_SHIPPING_TABLE_MODE', 'weight', 'The shipping cost is based on the order total or the total weight of the items ordered.', 6, 0, NULL, '2015-06-05 15:47:28', NULL, 'tep_cfg_select_option(array(''weight'', ''price''), '),
(1313, 'Handling Fee', 'MODULE_SHIPPING_TABLE_HANDLING', '0', 'Handling fee for this shipping method.', 6, 0, NULL, '2015-06-05 15:47:28', NULL, NULL),
(1314, 'Tax Class', 'MODULE_SHIPPING_TABLE_TAX_CLASS', '0', 'Use the following tax class on the shipping fee.', 6, 0, NULL, '2015-06-05 15:47:28', 'tep_get_tax_class_title', 'tep_cfg_pull_down_tax_classes('),
(1315, 'Shipping Zone', 'MODULE_SHIPPING_TABLE_ZONE', '0', 'If a zone is selected, only enable this shipping method for that zone.', 6, 0, NULL, '2015-06-05 15:47:28', 'tep_get_zone_class_title', 'tep_cfg_pull_down_zone_classes('),
(1316, 'Sort Order', 'MODULE_SHIPPING_TABLE_SORT_ORDER', '0', 'Sort order of display.', 6, 0, NULL, '2015-06-05 15:47:28', NULL, NULL),
(1380, 'Enable Total Customers Module', 'MODULE_ADMIN_DASHBOARD_TOTAL_CUSTOMERS_STATUS', 'True', 'Do you want to show the total customers chart on the dashboard?', 6, 1, NULL, '2015-06-06 12:46:00', NULL, 'tep_cfg_select_option(array(''True'', ''False''), '),
(1381, 'Sort Order', 'MODULE_ADMIN_DASHBOARD_TOTAL_CUSTOMERS_SORT_ORDER', '343', 'Sort order of display. Lowest is displayed first.', 6, 0, NULL, '2015-06-06 12:46:00', NULL, NULL),
(1384, 'Enable Total Revenue Module', 'MODULE_ADMIN_DASHBOARD_TOTAL_REVENUE_STATUS', 'True', 'Do you want to show the total revenue chart on the dashboard?', 6, 1, NULL, '2015-06-06 12:46:02', NULL, 'tep_cfg_select_option(array(''True'', ''False''), '),
(1385, 'Sort Order', 'MODULE_ADMIN_DASHBOARD_TOTAL_REVENUE_SORT_ORDER', '2325', 'Sort order of display. Lowest is displayed first.', 6, 0, NULL, '2015-06-06 12:46:02', NULL, NULL),
(1386, 'Enable Administrator Logins Module', 'MODULE_ADMIN_DASHBOARD_ADMIN_LOGINS_STATUS', 'True', 'Do you want to show the latest administrator logins on the dashboard?', 6, 1, NULL, '2015-06-09 10:17:38', NULL, 'tep_cfg_select_option(array(''True'', ''False''), '),
(1387, 'Sort Order', 'MODULE_ADMIN_DASHBOARD_ADMIN_LOGINS_SORT_ORDER', '8658', 'Sort order of display. Lowest is displayed first.', 6, 0, NULL, '2015-06-09 10:17:38', NULL, NULL),
(1390, 'Enable Customers Module', 'MODULE_ADMIN_DASHBOARD_CUSTOMERS_STATUS', 'True', 'Do you want to show the newest customers on the dashboard?', 6, 1, NULL, '2015-06-09 10:17:45', NULL, 'tep_cfg_select_option(array(''True'', ''False''), '),
(1391, 'Sort Order', 'MODULE_ADMIN_DASHBOARD_CUSTOMERS_SORT_ORDER', '32', 'Sort order of display. Lowest is displayed first.', 6, 0, NULL, '2015-06-09 10:17:45', NULL, NULL),
(1409, 'Enable Authorize.net Advanced Integration Method', 'MODULE_PAYMENT_AUTHORIZENET_CC_AIM_STATUS', 'True', 'Do you want to accept Authorize.net Advanced Integration Method payments?', 6, 0, NULL, '2015-06-09 15:55:05', NULL, 'tep_cfg_select_option(array(''True'', ''False''), '),
(1410, 'API Login ID', 'MODULE_PAYMENT_AUTHORIZENET_CC_AIM_LOGIN_ID', '', 'The API Login ID used for the Authorize.net service', 6, 0, NULL, '2015-06-09 15:55:05', NULL, NULL),
(1411, 'API Transaction Key', 'MODULE_PAYMENT_AUTHORIZENET_CC_AIM_TRANSACTION_KEY', '', 'The API Transaction Key used for the Authorize.net service', 6, 0, NULL, '2015-06-09 15:55:06', NULL, NULL),
(1412, 'MD5 Hash', 'MODULE_PAYMENT_AUTHORIZENET_CC_AIM_MD5_HASH', '', 'The MD5 Hash value to verify transactions with', 6, 0, NULL, '2015-06-09 15:55:06', NULL, NULL),
(1413, 'Transaction Method', 'MODULE_PAYMENT_AUTHORIZENET_CC_AIM_TRANSACTION_METHOD', 'Authorization', 'The processing method to use for each transaction.', 6, 0, NULL, '2015-06-09 15:55:06', NULL, 'tep_cfg_select_option(array(''Authorization'', ''Capture''), '),
(1414, 'Set Order Status', 'MODULE_PAYMENT_AUTHORIZENET_CC_AIM_ORDER_STATUS_ID', '0', 'Set the status of orders made with this payment module to this value', 6, 0, NULL, '2015-06-09 15:55:06', 'tep_get_order_status_name', 'tep_cfg_pull_down_order_statuses('),
(1415, 'Review Order Status', 'MODULE_PAYMENT_AUTHORIZENET_CC_AIM_REVIEW_ORDER_STATUS_ID', '0', 'Set the status of orders flagged as being under review to this value', 6, 0, NULL, '2015-06-09 15:55:06', 'tep_get_order_status_name', 'tep_cfg_pull_down_order_statuses('),
(1416, 'Transaction Order Status', 'MODULE_PAYMENT_AUTHORIZENET_CC_AIM_TRANSACTION_ORDER_STATUS_ID', '5', 'Include transaction information in this order status level', 6, 0, NULL, '2015-06-09 15:55:06', 'tep_get_order_status_name', 'tep_cfg_pull_down_order_statuses('),
(1417, 'Payment Zone', 'MODULE_PAYMENT_AUTHORIZENET_CC_AIM_ZONE', '0', 'If a zone is selected, only enable this payment method for that zone.', 6, 0, NULL, '2015-06-09 15:55:06', 'tep_get_zone_class_title', 'tep_cfg_pull_down_zone_classes('),
(1418, 'Transaction Server', 'MODULE_PAYMENT_AUTHORIZENET_CC_AIM_TRANSACTION_SERVER', 'Live', 'Perform transactions on the live or test server. The test server should only be used by developers with Authorize.net test accounts.', 6, 0, NULL, '2015-06-09 15:55:06', NULL, 'tep_cfg_select_option(array(''Live'', ''Test''), '),
(1419, 'Transaction Mode', 'MODULE_PAYMENT_AUTHORIZENET_CC_AIM_TRANSACTION_MODE', 'Live', 'Transaction mode used for processing orders', 6, 0, NULL, '2015-06-09 15:55:06', NULL, 'tep_cfg_select_option(array(''Live'', ''Test''), '),
(1420, 'Verify SSL Certificate', 'MODULE_PAYMENT_AUTHORIZENET_CC_AIM_VERIFY_SSL', 'True', 'Verify transaction server SSL certificate on connection?', 6, 0, NULL, '2015-06-09 15:55:06', NULL, 'tep_cfg_select_option(array(''True'', ''False''), '),
(1421, 'Proxy Server', 'MODULE_PAYMENT_AUTHORIZENET_CC_AIM_PROXY', '', 'Send API requests through this proxy server. (host:port, eg: 123.45.67.89:8080 or proxy.example.com:8080)', 6, 0, NULL, '2015-06-09 15:55:06', NULL, NULL),
(1422, 'Debug E-Mail Address', 'MODULE_PAYMENT_AUTHORIZENET_CC_AIM_DEBUG_EMAIL', '', 'All parameters of an invalid transaction will be sent to this email address.', 6, 0, NULL, '2015-06-09 15:55:06', NULL, NULL),
(1423, 'Sort order of display.', 'MODULE_PAYMENT_AUTHORIZENET_CC_AIM_SORT_ORDER', '0', 'Sort order of display. Lowest is displayed first.', 6, 0, NULL, '2015-06-09 15:55:06', NULL, NULL),
(1477, 'Enable Log In with PayPal', 'MODULE_CONTENT_PAYPAL_LOGIN_STATUS', 'True', 'Do you want to enable the Log In with PayPal module?', 6, 0, NULL, '2015-06-09 16:05:44', NULL, 'tep_cfg_select_option(array(''True'', ''False''), '),
(1478, 'Client ID', 'MODULE_CONTENT_PAYPAL_LOGIN_CLIENT_ID', '', 'Your PayPal Application Client ID.', 6, 0, NULL, '2015-06-09 16:05:44', NULL, NULL),
(1479, 'Secret', 'MODULE_CONTENT_PAYPAL_LOGIN_SECRET', '', 'Your PayPal Application Secret.', 6, 0, NULL, '2015-06-09 16:05:44', NULL, NULL),
(1480, 'Theme', 'MODULE_CONTENT_PAYPAL_LOGIN_THEME', 'Blue', 'Which theme should be used for the button?', 6, 0, NULL, '2015-06-09 16:05:44', NULL, 'tep_cfg_select_option(array(''Blue'', ''Neutral''), '),
(1481, 'Information Requested From Customers', 'MODULE_CONTENT_PAYPAL_LOGIN_ATTRIBUTES', 'full_name;date_of_birth;age_range;gender;email_address;street_address;city;state;country;zip_code;phone;account_status;account_type;account_creation_date;time_zone;locale;language;seamless_checkout', 'The attributes the customer must share with you.', 6, 0, NULL, '2015-06-09 16:05:44', 'cm_paypal_login_show_attributes', 'cm_paypal_login_edit_attributes('),
(1482, 'Server Type', 'MODULE_CONTENT_PAYPAL_LOGIN_SERVER_TYPE', 'Live', 'Which server should be used? Live for production or Sandbox for testing.', 6, 0, NULL, '2015-06-09 16:05:44', NULL, 'tep_cfg_select_option(array(''Live'', ''Sandbox''), '),
(1483, 'Verify SSL Certificate', 'MODULE_CONTENT_PAYPAL_LOGIN_VERIFY_SSL', 'True', 'Verify gateway server SSL certificate on connection?', 6, 0, NULL, '2015-06-09 16:05:44', NULL, 'tep_cfg_select_option(array(''True'', ''False''), '),
(1484, 'Proxy Server', 'MODULE_CONTENT_PAYPAL_LOGIN_PROXY', '', 'Send API requests through this proxy server. (host:port, eg: 123.45.67.89:8080 or proxy.example.com:8080)', 6, 0, NULL, '2015-06-09 16:05:44', NULL, NULL),
(1485, 'Content Width', 'MODULE_CONTENT_PAYPAL_LOGIN_CONTENT_WIDTH', 'Full', 'Should the content be shown in a full or half width container?', 6, 0, NULL, '2015-06-09 16:05:44', NULL, 'tep_cfg_select_option(array(''Full'', ''Half''), '),
(1486, 'Sort order of display', 'MODULE_CONTENT_PAYPAL_LOGIN_SORT_ORDER', '0', 'Sort order of display. Lowest is displayed first.', 6, 0, NULL, '2015-06-09 16:05:44', NULL, NULL),
(1494, 'Display Shipping', 'MODULE_ORDER_TOTAL_SHIPPING_STATUS', 'true', 'Do you want to display the order shipping cost?', 6, 1, NULL, '2015-06-09 16:09:24', NULL, 'tep_cfg_select_option(array(''true'', ''false''), '),
(1495, 'Sort Order', 'MODULE_ORDER_TOTAL_SHIPPING_SORT_ORDER', '2', 'Sort order of display.', 6, 2, NULL, '2015-06-09 16:09:24', NULL, NULL),
(1496, 'Allow Free Shipping', 'MODULE_ORDER_TOTAL_SHIPPING_FREE_SHIPPING', 'false', 'Do you want to allow free shipping?', 6, 3, NULL, '2015-06-09 16:09:24', NULL, 'tep_cfg_select_option(array(''true'', ''false''), '),
(1497, 'Free Shipping For Orders Over', 'MODULE_ORDER_TOTAL_SHIPPING_FREE_SHIPPING_OVER', '50', 'Provide free shipping for orders over the set amount.', 6, 4, NULL, '2015-06-09 16:09:24', 'currencies->format', NULL),
(1498, 'Provide Free Shipping For Orders Made', 'MODULE_ORDER_TOTAL_SHIPPING_DESTINATION', 'national', 'Provide free shipping for orders sent to the set destination.', 6, 5, NULL, '2015-06-09 16:09:24', NULL, 'tep_cfg_select_option(array(''national'', ''international'', ''both''), '),
(1499, 'Display Total', 'MODULE_ORDER_TOTAL_TOTAL_STATUS', 'true', 'Do you want to display the total order value?', 6, 1, NULL, '2015-06-09 16:09:26', NULL, 'tep_cfg_select_option(array(''true'', ''false''), '),
(1500, 'Sort Order', 'MODULE_ORDER_TOTAL_TOTAL_SORT_ORDER', '4', 'Sort order of display.', 6, 2, NULL, '2015-06-09 16:09:26', NULL, NULL),
(1501, 'Display Sub-Total', 'MODULE_ORDER_TOTAL_SUBTOTAL_STATUS', 'true', 'Do you want to display the order sub-total cost?', 6, 1, NULL, '2015-06-09 16:09:28', NULL, 'tep_cfg_select_option(array(''true'', ''false''), '),
(1502, 'Sort Order', 'MODULE_ORDER_TOTAL_SUBTOTAL_SORT_ORDER', '1', 'Sort order of display.', 6, 2, NULL, '2015-06-09 16:09:28', NULL, NULL),
(1503, 'Display Tax', 'MODULE_ORDER_TOTAL_TAX_STATUS', 'true', 'Do you want to display the order tax value?', 6, 1, NULL, '2015-06-09 16:09:30', NULL, 'tep_cfg_select_option(array(''true'', ''false''), '),
(1504, 'Sort Order', 'MODULE_ORDER_TOTAL_TAX_SORT_ORDER', '3', 'Sort order of display.', 6, 2, NULL, '2015-06-09 16:09:30', NULL, NULL),
(1505, 'Enable Categories Module', 'MODULE_BOXES_CATEGORIES_STATUS', 'True', 'Do you want to add the module to your shop?', 6, 1, NULL, '2015-06-11 11:22:08', NULL, 'tep_cfg_select_option(array(''True'', ''False''), '),
(1506, 'Content Placement', 'MODULE_BOXES_CATEGORIES_CONTENT_PLACEMENT', 'Left Column', 'Should the module be loaded in the left or right column?', 6, 1, NULL, '2015-06-11 11:22:08', NULL, 'tep_cfg_select_option(array(''Left Column'', ''Right Column''), '),
(1507, 'Sort Order', 'MODULE_BOXES_CATEGORIES_SORT_ORDER', '0', 'Sort order of display. Lowest is displayed first.', 6, 0, NULL, '2015-06-11 11:22:08', NULL, NULL);

-- --------------------------------------------------------

--
-- Table structure for table `configuration_group`
--

CREATE TABLE IF NOT EXISTS `configuration_group` (
`configuration_group_id` int(11) NOT NULL,
  `configuration_group_title` varchar(64) COLLATE utf8_unicode_ci NOT NULL,
  `configuration_group_description` varchar(255) COLLATE utf8_unicode_ci NOT NULL,
  `sort_order` int(5) DEFAULT NULL,
  `visible` int(1) DEFAULT '1'
) ENGINE=InnoDB AUTO_INCREMENT=18 DEFAULT CHARSET=utf8 COLLATE=utf8_unicode_ci;

--
-- Dumping data for table `configuration_group`
--

INSERT INTO `configuration_group` (`configuration_group_id`, `configuration_group_title`, `configuration_group_description`, `sort_order`, `visible`) VALUES
(1, 'My Store', 'General information about my store', 1, 1),
(2, 'Minimum Values', 'The minimum values for functions / data', 2, 1),
(3, 'Maximum Values', 'The maximum values for functions / data', 3, 1),
(4, 'Images', 'Image parameters', 4, 1),
(5, 'Customer Details', 'Customer account configuration', 5, 1),
(6, 'Module Options', 'Hidden from configuration', 6, 0),
(7, 'Shipping/Packaging', 'Shipping options available at my store', 7, 1),
(8, 'Product Listing', 'Product Listing    configuration options', 8, 1),
(9, 'Stock', 'Stock configuration options', 9, 1),
(10, 'Logging', 'Logging configuration options', 10, 1),
(11, 'Cache', 'Caching configuration options', 11, 1),
(12, 'E-Mail Options', 'General setting for E-Mail transport and HTML E-Mails', 12, 1),
(13, 'Download', 'Downloadable products options', 13, 1),
(14, 'GZip Compression', 'GZip compression options', 14, 1),
(15, 'Sessions', 'Session options', 15, 1),
(16, 'Bootstrap Setup', 'Basic Bootstrap Options', 16, 1),
(17, 'SEO URLs', 'Options for Ultimate SEO URLs by Chemo', 17, 1);

-- --------------------------------------------------------

--
-- Table structure for table `countries`
--

CREATE TABLE IF NOT EXISTS `countries` (
`countries_id` int(11) NOT NULL,
  `countries_name` varchar(255) COLLATE utf8_unicode_ci NOT NULL,
  `countries_iso_code_2` char(2) COLLATE utf8_unicode_ci NOT NULL,
  `countries_iso_code_3` char(3) COLLATE utf8_unicode_ci NOT NULL,
  `address_format_id` int(11) NOT NULL
) ENGINE=InnoDB AUTO_INCREMENT=240 DEFAULT CHARSET=utf8 COLLATE=utf8_unicode_ci;

--
-- Dumping data for table `countries`
--

INSERT INTO `countries` (`countries_id`, `countries_name`, `countries_iso_code_2`, `countries_iso_code_3`, `address_format_id`) VALUES
(1, 'Afghanistan', 'AF', 'AFG', 1),
(2, 'Albania', 'AL', 'ALB', 1),
(3, 'Algeria', 'DZ', 'DZA', 1),
(4, 'American Samoa', 'AS', 'ASM', 1),
(5, 'Andorra', 'AD', 'AND', 1),
(6, 'Angola', 'AO', 'AGO', 1),
(7, 'Anguilla', 'AI', 'AIA', 1),
(8, 'Antarctica', 'AQ', 'ATA', 1),
(9, 'Antigua and Barbuda', 'AG', 'ATG', 1),
(10, 'Argentina', 'AR', 'ARG', 1),
(11, 'Armenia', 'AM', 'ARM', 1),
(12, 'Aruba', 'AW', 'ABW', 1),
(13, 'Australia', 'AU', 'AUS', 1),
(14, 'Austria', 'AT', 'AUT', 5),
(15, 'Azerbaijan', 'AZ', 'AZE', 1),
(16, 'Bahamas', 'BS', 'BHS', 1),
(17, 'Bahrain', 'BH', 'BHR', 1),
(18, 'Bangladesh', 'BD', 'BGD', 1),
(19, 'Barbados', 'BB', 'BRB', 1),
(20, 'Belarus', 'BY', 'BLR', 1),
(21, 'Belgium', 'BE', 'BEL', 1),
(22, 'Belize', 'BZ', 'BLZ', 1),
(23, 'Benin', 'BJ', 'BEN', 1),
(24, 'Bermuda', 'BM', 'BMU', 1),
(25, 'Bhutan', 'BT', 'BTN', 1),
(26, 'Bolivia', 'BO', 'BOL', 1),
(27, 'Bosnia and Herzegowina', 'BA', 'BIH', 1),
(28, 'Botswana', 'BW', 'BWA', 1),
(29, 'Bouvet Island', 'BV', 'BVT', 1),
(30, 'Brazil', 'BR', 'BRA', 1),
(31, 'British Indian Ocean Territory', 'IO', 'IOT', 1),
(32, 'Brunei Darussalam', 'BN', 'BRN', 1),
(33, 'Bulgaria', 'BG', 'BGR', 1),
(34, 'Burkina Faso', 'BF', 'BFA', 1),
(35, 'Burundi', 'BI', 'BDI', 1),
(36, 'Cambodia', 'KH', 'KHM', 1),
(37, 'Cameroon', 'CM', 'CMR', 1),
(38, 'Canada', 'CA', 'CAN', 1),
(39, 'Cape Verde', 'CV', 'CPV', 1),
(40, 'Cayman Islands', 'KY', 'CYM', 1),
(41, 'Central African Republic', 'CF', 'CAF', 1),
(42, 'Chad', 'TD', 'TCD', 1),
(43, 'Chile', 'CL', 'CHL', 1),
(44, 'China', 'CN', 'CHN', 1),
(45, 'Christmas Island', 'CX', 'CXR', 1),
(46, 'Cocos (Keeling) Islands', 'CC', 'CCK', 1),
(47, 'Colombia', 'CO', 'COL', 1),
(48, 'Comoros', 'KM', 'COM', 1),
(49, 'Congo', 'CG', 'COG', 1),
(50, 'Cook Islands', 'CK', 'COK', 1),
(51, 'Costa Rica', 'CR', 'CRI', 1),
(52, 'Cote D''Ivoire', 'CI', 'CIV', 1),
(53, 'Croatia', 'HR', 'HRV', 1),
(54, 'Cuba', 'CU', 'CUB', 1),
(55, 'Cyprus', 'CY', 'CYP', 1),
(56, 'Czech Republic', 'CZ', 'CZE', 1),
(57, 'Denmark', 'DK', 'DNK', 1),
(58, 'Djibouti', 'DJ', 'DJI', 1),
(59, 'Dominica', 'DM', 'DMA', 1),
(60, 'Dominican Republic', 'DO', 'DOM', 1),
(61, 'East Timor', 'TP', 'TMP', 1),
(62, 'Ecuador', 'EC', 'ECU', 1),
(63, 'Egypt', 'EG', 'EGY', 1),
(64, 'El Salvador', 'SV', 'SLV', 1),
(65, 'Equatorial Guinea', 'GQ', 'GNQ', 1),
(66, 'Eritrea', 'ER', 'ERI', 1),
(67, 'Estonia', 'EE', 'EST', 1),
(68, 'Ethiopia', 'ET', 'ETH', 1),
(69, 'Falkland Islands (Malvinas)', 'FK', 'FLK', 1),
(70, 'Faroe Islands', 'FO', 'FRO', 1),
(71, 'Fiji', 'FJ', 'FJI', 1),
(72, 'Finland', 'FI', 'FIN', 1),
(73, 'France', 'FR', 'FRA', 1),
(74, 'France, Metropolitan', 'FX', 'FXX', 1),
(75, 'French Guiana', 'GF', 'GUF', 1),
(76, 'French Polynesia', 'PF', 'PYF', 1),
(77, 'French Southern Territories', 'TF', 'ATF', 1),
(78, 'Gabon', 'GA', 'GAB', 1),
(79, 'Gambia', 'GM', 'GMB', 1),
(80, 'Georgia', 'GE', 'GEO', 1),
(81, 'Germany', 'DE', 'DEU', 5),
(82, 'Ghana', 'GH', 'GHA', 1),
(83, 'Gibraltar', 'GI', 'GIB', 1),
(84, 'Greece', 'GR', 'GRC', 1),
(85, 'Greenland', 'GL', 'GRL', 1),
(86, 'Grenada', 'GD', 'GRD', 1),
(87, 'Guadeloupe', 'GP', 'GLP', 1),
(88, 'Guam', 'GU', 'GUM', 1),
(89, 'Guatemala', 'GT', 'GTM', 1),
(90, 'Guinea', 'GN', 'GIN', 1),
(91, 'Guinea-bissau', 'GW', 'GNB', 1),
(92, 'Guyana', 'GY', 'GUY', 1),
(93, 'Haiti', 'HT', 'HTI', 1),
(94, 'Heard and Mc Donald Islands', 'HM', 'HMD', 1),
(95, 'Honduras', 'HN', 'HND', 1),
(96, 'Hong Kong', 'HK', 'HKG', 1),
(97, 'Hungary', 'HU', 'HUN', 1),
(98, 'Iceland', 'IS', 'ISL', 1),
(99, 'India', 'IN', 'IND', 1),
(100, 'Indonesia', 'ID', 'IDN', 1),
(101, 'Iran (Islamic Republic of)', 'IR', 'IRN', 1),
(102, 'Iraq', 'IQ', 'IRQ', 1),
(103, 'Ireland', 'IE', 'IRL', 1),
(104, 'Israel', 'IL', 'ISR', 1),
(105, 'Italy', 'IT', 'ITA', 1),
(106, 'Jamaica', 'JM', 'JAM', 1),
(107, 'Japan', 'JP', 'JPN', 1),
(108, 'Jordan', 'JO', 'JOR', 1),
(109, 'Kazakhstan', 'KZ', 'KAZ', 1),
(110, 'Kenya', 'KE', 'KEN', 1),
(111, 'Kiribati', 'KI', 'KIR', 1),
(112, 'Korea, Democratic People''s Republic of', 'KP', 'PRK', 1),
(113, 'Korea, Republic of', 'KR', 'KOR', 1),
(114, 'Kuwait', 'KW', 'KWT', 1),
(115, 'Kyrgyzstan', 'KG', 'KGZ', 1),
(116, 'Lao People''s Democratic Republic', 'LA', 'LAO', 1),
(117, 'Latvia', 'LV', 'LVA', 1),
(118, 'Lebanon', 'LB', 'LBN', 1),
(119, 'Lesotho', 'LS', 'LSO', 1),
(120, 'Liberia', 'LR', 'LBR', 1),
(121, 'Libyan Arab Jamahiriya', 'LY', 'LBY', 1),
(122, 'Liechtenstein', 'LI', 'LIE', 1),
(123, 'Lithuania', 'LT', 'LTU', 1),
(124, 'Luxembourg', 'LU', 'LUX', 1),
(125, 'Macau', 'MO', 'MAC', 1),
(126, 'Macedonia, The Former Yugoslav Republic of', 'MK', 'MKD', 1),
(127, 'Madagascar', 'MG', 'MDG', 1),
(128, 'Malawi', 'MW', 'MWI', 1),
(129, 'Malaysia', 'MY', 'MYS', 1),
(130, 'Maldives', 'MV', 'MDV', 1),
(131, 'Mali', 'ML', 'MLI', 1),
(132, 'Malta', 'MT', 'MLT', 1),
(133, 'Marshall Islands', 'MH', 'MHL', 1),
(134, 'Martinique', 'MQ', 'MTQ', 1),
(135, 'Mauritania', 'MR', 'MRT', 1),
(136, 'Mauritius', 'MU', 'MUS', 1),
(137, 'Mayotte', 'YT', 'MYT', 1),
(138, 'Mexico', 'MX', 'MEX', 1),
(139, 'Micronesia, Federated States of', 'FM', 'FSM', 1),
(140, 'Moldova, Republic of', 'MD', 'MDA', 1),
(141, 'Monaco', 'MC', 'MCO', 1),
(142, 'Mongolia', 'MN', 'MNG', 1),
(143, 'Montserrat', 'MS', 'MSR', 1),
(144, 'Morocco', 'MA', 'MAR', 1),
(145, 'Mozambique', 'MZ', 'MOZ', 1),
(146, 'Myanmar', 'MM', 'MMR', 1),
(147, 'Namibia', 'NA', 'NAM', 1),
(148, 'Nauru', 'NR', 'NRU', 1),
(149, 'Nepal', 'NP', 'NPL', 1),
(150, 'Netherlands', 'NL', 'NLD', 1),
(151, 'Netherlands Antilles', 'AN', 'ANT', 1),
(152, 'New Caledonia', 'NC', 'NCL', 1),
(153, 'New Zealand', 'NZ', 'NZL', 1),
(154, 'Nicaragua', 'NI', 'NIC', 1),
(155, 'Niger', 'NE', 'NER', 1),
(156, 'Nigeria', 'NG', 'NGA', 1),
(157, 'Niue', 'NU', 'NIU', 1),
(158, 'Norfolk Island', 'NF', 'NFK', 1),
(159, 'Northern Mariana Islands', 'MP', 'MNP', 1),
(160, 'Norway', 'NO', 'NOR', 1),
(161, 'Oman', 'OM', 'OMN', 1),
(162, 'Pakistan', 'PK', 'PAK', 1),
(163, 'Palau', 'PW', 'PLW', 1),
(164, 'Panama', 'PA', 'PAN', 1),
(165, 'Papua New Guinea', 'PG', 'PNG', 1),
(166, 'Paraguay', 'PY', 'PRY', 1),
(167, 'Peru', 'PE', 'PER', 1),
(168, 'Philippines', 'PH', 'PHL', 1),
(169, 'Pitcairn', 'PN', 'PCN', 1),
(170, 'Poland', 'PL', 'POL', 1),
(171, 'Portugal', 'PT', 'PRT', 1),
(172, 'Puerto Rico', 'PR', 'PRI', 1),
(173, 'Qatar', 'QA', 'QAT', 1),
(174, 'Reunion', 'RE', 'REU', 1),
(175, 'Romania', 'RO', 'ROM', 1),
(176, 'Russian Federation', 'RU', 'RUS', 1),
(177, 'Rwanda', 'RW', 'RWA', 1),
(178, 'Saint Kitts and Nevis', 'KN', 'KNA', 1),
(179, 'Saint Lucia', 'LC', 'LCA', 1),
(180, 'Saint Vincent and the Grenadines', 'VC', 'VCT', 1),
(181, 'Samoa', 'WS', 'WSM', 1),
(182, 'San Marino', 'SM', 'SMR', 1),
(183, 'Sao Tome and Principe', 'ST', 'STP', 1),
(184, 'Saudi Arabia', 'SA', 'SAU', 1),
(185, 'Senegal', 'SN', 'SEN', 1),
(186, 'Seychelles', 'SC', 'SYC', 1),
(187, 'Sierra Leone', 'SL', 'SLE', 1),
(188, 'Singapore', 'SG', 'SGP', 4),
(189, 'Slovakia (Slovak Republic)', 'SK', 'SVK', 1),
(190, 'Slovenia', 'SI', 'SVN', 1),
(191, 'Solomon Islands', 'SB', 'SLB', 1),
(192, 'Somalia', 'SO', 'SOM', 1),
(193, 'South Africa', 'ZA', 'ZAF', 1),
(194, 'South Georgia and the South Sandwich Islands', 'GS', 'SGS', 1),
(195, 'Spain', 'ES', 'ESP', 3),
(196, 'Sri Lanka', 'LK', 'LKA', 1),
(197, 'St. Helena', 'SH', 'SHN', 1),
(198, 'St. Pierre and Miquelon', 'PM', 'SPM', 1),
(199, 'Sudan', 'SD', 'SDN', 1),
(200, 'Suriname', 'SR', 'SUR', 1),
(201, 'Svalbard and Jan Mayen Islands', 'SJ', 'SJM', 1),
(202, 'Swaziland', 'SZ', 'SWZ', 1),
(203, 'Sweden', 'SE', 'SWE', 1),
(204, 'Switzerland', 'CH', 'CHE', 1),
(205, 'Syrian Arab Republic', 'SY', 'SYR', 1),
(206, 'Taiwan', 'TW', 'TWN', 1),
(207, 'Tajikistan', 'TJ', 'TJK', 1),
(208, 'Tanzania, United Republic of', 'TZ', 'TZA', 1),
(209, 'Thailand', 'TH', 'THA', 1),
(210, 'Togo', 'TG', 'TGO', 1),
(211, 'Tokelau', 'TK', 'TKL', 1),
(212, 'Tonga', 'TO', 'TON', 1),
(213, 'Trinidad and Tobago', 'TT', 'TTO', 1),
(214, 'Tunisia', 'TN', 'TUN', 1),
(215, 'Turkey', 'TR', 'TUR', 1),
(216, 'Turkmenistan', 'TM', 'TKM', 1),
(217, 'Turks and Caicos Islands', 'TC', 'TCA', 1),
(218, 'Tuvalu', 'TV', 'TUV', 1),
(219, 'Uganda', 'UG', 'UGA', 1),
(220, 'Ukraine', 'UA', 'UKR', 1),
(221, 'United Arab Emirates', 'AE', 'ARE', 1),
(222, 'United Kingdom', 'GB', 'GBR', 1),
(223, 'United States', 'US', 'USA', 2),
(224, 'United States Minor Outlying Islands', 'UM', 'UMI', 1),
(225, 'Uruguay', 'UY', 'URY', 1),
(226, 'Uzbekistan', 'UZ', 'UZB', 1),
(227, 'Vanuatu', 'VU', 'VUT', 1),
(228, 'Vatican City State (Holy See)', 'VA', 'VAT', 1),
(229, 'Venezuela', 'VE', 'VEN', 1),
(230, 'Viet Nam', 'VN', 'VNM', 1),
(231, 'Virgin Islands (British)', 'VG', 'VGB', 1),
(232, 'Virgin Islands (U.S.)', 'VI', 'VIR', 1),
(233, 'Wallis and Futuna Islands', 'WF', 'WLF', 1),
(234, 'Western Sahara', 'EH', 'ESH', 1),
(235, 'Yemen', 'YE', 'YEM', 1),
(236, 'Yugoslavia', 'YU', 'YUG', 1),
(237, 'Zaire', 'ZR', 'ZAR', 1),
(238, 'Zambia', 'ZM', 'ZMB', 1),
(239, 'Zimbabwe', 'ZW', 'ZWE', 1);

-- --------------------------------------------------------

--
-- Table structure for table `currencies`
--

CREATE TABLE IF NOT EXISTS `currencies` (
`currencies_id` int(11) NOT NULL,
  `title` varchar(32) COLLATE utf8_unicode_ci NOT NULL,
  `code` char(3) COLLATE utf8_unicode_ci NOT NULL,
  `symbol_left` varchar(12) COLLATE utf8_unicode_ci DEFAULT NULL,
  `symbol_right` varchar(12) COLLATE utf8_unicode_ci DEFAULT NULL,
  `decimal_point` char(1) COLLATE utf8_unicode_ci DEFAULT NULL,
  `thousands_point` char(1) COLLATE utf8_unicode_ci DEFAULT NULL,
  `decimal_places` char(1) COLLATE utf8_unicode_ci DEFAULT NULL,
  `value` float(13,8) DEFAULT NULL,
  `last_updated` datetime DEFAULT NULL
) ENGINE=InnoDB AUTO_INCREMENT=3 DEFAULT CHARSET=utf8 COLLATE=utf8_unicode_ci;

--
-- Dumping data for table `currencies`
--

INSERT INTO `currencies` (`currencies_id`, `title`, `code`, `symbol_left`, `symbol_right`, `decimal_point`, `thousands_point`, `decimal_places`, `value`, `last_updated`) VALUES
(1, 'U.S. Dollar', 'USD', '$', '', '.', ',', '2', 1.00000000, '2015-02-26 16:56:32'),
(2, 'Euro', 'EUR', '', '', '.', ',', '2', 1.00000000, '2015-02-26 16:56:32');

-- --------------------------------------------------------

--
-- Table structure for table `customers`
--

CREATE TABLE IF NOT EXISTS `customers` (
`customers_id` int(11) NOT NULL,
  `customers_gender` char(1) COLLATE utf8_unicode_ci DEFAULT NULL,
  `customers_firstname` varchar(255) COLLATE utf8_unicode_ci NOT NULL,
  `customers_lastname` varchar(255) COLLATE utf8_unicode_ci NOT NULL,
  `customers_dob` datetime NOT NULL DEFAULT '0000-00-00 00:00:00',
  `customers_email_address` varchar(255) COLLATE utf8_unicode_ci NOT NULL,
  `customers_default_address_id` int(11) DEFAULT NULL,
  `customers_telephone` varchar(255) COLLATE utf8_unicode_ci NOT NULL,
  `customers_fax` varchar(255) COLLATE utf8_unicode_ci DEFAULT NULL,
  `customers_password` varchar(60) COLLATE utf8_unicode_ci NOT NULL,
  `customers_newsletter` char(1) COLLATE utf8_unicode_ci DEFAULT NULL
) ENGINE=InnoDB AUTO_INCREMENT=2 DEFAULT CHARSET=utf8 COLLATE=utf8_unicode_ci;

--
-- Dumping data for table `customers`
--

INSERT INTO `customers` (`customers_id`, `customers_gender`, `customers_firstname`, `customers_lastname`, `customers_dob`, `customers_email_address`, `customers_default_address_id`, `customers_telephone`, `customers_fax`, `customers_password`, `customers_newsletter`) VALUES
(1, 'm', 'test', 'test', '2010-02-17 00:00:00', 'test@test.com', 1, '1234124', '', '$P$DHXuIqt1FraLmwA0.jDbRUQKNw69qs.', '1');

-- --------------------------------------------------------

--
-- Table structure for table `customers_basket`
--

CREATE TABLE IF NOT EXISTS `customers_basket` (
`customers_basket_id` int(11) NOT NULL,
  `customers_id` int(11) NOT NULL,
  `products_id` tinytext COLLATE utf8_unicode_ci NOT NULL,
  `customers_basket_quantity` int(2) NOT NULL,
  `final_price` decimal(15,4) DEFAULT NULL,
  `customers_basket_date_added` char(8) COLLATE utf8_unicode_ci DEFAULT NULL
) ENGINE=InnoDB AUTO_INCREMENT=3 DEFAULT CHARSET=utf8 COLLATE=utf8_unicode_ci;

--
-- Dumping data for table `customers_basket`
--

INSERT INTO `customers_basket` (`customers_basket_id`, `customers_id`, `products_id`, `customers_basket_quantity`, `final_price`, `customers_basket_date_added`) VALUES
(2, 1, '2{4}3{3}6', 13, NULL, '20150611');

-- --------------------------------------------------------

--
-- Table structure for table `customers_basket_attributes`
--

CREATE TABLE IF NOT EXISTS `customers_basket_attributes` (
`customers_basket_attributes_id` int(11) NOT NULL,
  `customers_id` int(11) NOT NULL,
  `products_id` tinytext COLLATE utf8_unicode_ci NOT NULL,
  `products_options_id` int(11) NOT NULL,
  `products_options_value_id` int(11) NOT NULL
) ENGINE=InnoDB AUTO_INCREMENT=4 DEFAULT CHARSET=utf8 COLLATE=utf8_unicode_ci;

--
-- Dumping data for table `customers_basket_attributes`
--

INSERT INTO `customers_basket_attributes` (`customers_basket_attributes_id`, `customers_id`, `products_id`, `products_options_id`, `products_options_value_id`) VALUES
(2, 1, '2{4}3{3}6', 4, 3),
(3, 1, '2{4}3{3}6', 3, 6);

-- --------------------------------------------------------

--
-- Table structure for table `customers_braintree_tokens`
--

CREATE TABLE IF NOT EXISTS `customers_braintree_tokens` (
`id` int(11) NOT NULL,
  `customers_id` int(11) NOT NULL,
  `braintree_token` varchar(255) NOT NULL,
  `card_type` varchar(32) NOT NULL,
  `number_filtered` varchar(20) NOT NULL,
  `expiry_date` char(6) NOT NULL,
  `date_added` datetime NOT NULL
) ENGINE=InnoDB DEFAULT CHARSET=latin1;

-- --------------------------------------------------------

--
-- Table structure for table `customers_info`
--

CREATE TABLE IF NOT EXISTS `customers_info` (
  `customers_info_id` int(11) NOT NULL,
  `customers_info_date_of_last_logon` datetime DEFAULT NULL,
  `customers_info_number_of_logons` int(5) DEFAULT NULL,
  `customers_info_date_account_created` datetime DEFAULT NULL,
  `customers_info_date_account_last_modified` datetime DEFAULT NULL,
  `global_product_notifications` int(1) DEFAULT '0',
  `password_reset_key` char(40) COLLATE utf8_unicode_ci DEFAULT NULL,
  `password_reset_date` datetime DEFAULT NULL
) ENGINE=InnoDB DEFAULT CHARSET=utf8 COLLATE=utf8_unicode_ci;

--
-- Dumping data for table `customers_info`
--

INSERT INTO `customers_info` (`customers_info_id`, `customers_info_date_of_last_logon`, `customers_info_number_of_logons`, `customers_info_date_account_created`, `customers_info_date_account_last_modified`, `global_product_notifications`, `password_reset_key`, `password_reset_date`) VALUES
(1, '2015-06-11 11:28:29', 11, '2015-02-27 12:38:45', NULL, 0, NULL, NULL);

-- --------------------------------------------------------

--
-- Table structure for table `customers_sagepay_tokens`
--

CREATE TABLE IF NOT EXISTS `customers_sagepay_tokens` (
`id` int(11) NOT NULL,
  `customers_id` int(11) NOT NULL,
  `sagepay_token` char(38) NOT NULL,
  `card_type` varchar(15) NOT NULL,
  `number_filtered` varchar(20) NOT NULL,
  `expiry_date` char(4) NOT NULL,
  `date_added` datetime NOT NULL
) ENGINE=InnoDB DEFAULT CHARSET=latin1;

-- --------------------------------------------------------

--
-- Table structure for table `customers_stripe_tokens`
--

CREATE TABLE IF NOT EXISTS `customers_stripe_tokens` (
`id` int(11) NOT NULL,
  `customers_id` int(11) NOT NULL,
  `stripe_token` varchar(255) NOT NULL,
  `card_type` varchar(32) NOT NULL,
  `number_filtered` varchar(20) NOT NULL,
  `expiry_date` char(6) NOT NULL,
  `date_added` datetime NOT NULL
) ENGINE=InnoDB DEFAULT CHARSET=latin1;

-- --------------------------------------------------------

--
-- Table structure for table `geo_zones`
--

CREATE TABLE IF NOT EXISTS `geo_zones` (
`geo_zone_id` int(11) NOT NULL,
  `geo_zone_name` varchar(32) COLLATE utf8_unicode_ci NOT NULL,
  `geo_zone_description` varchar(255) COLLATE utf8_unicode_ci NOT NULL,
  `last_modified` datetime DEFAULT NULL,
  `date_added` datetime NOT NULL
) ENGINE=InnoDB AUTO_INCREMENT=2 DEFAULT CHARSET=utf8 COLLATE=utf8_unicode_ci;

--
-- Dumping data for table `geo_zones`
--

INSERT INTO `geo_zones` (`geo_zone_id`, `geo_zone_name`, `geo_zone_description`, `last_modified`, `date_added`) VALUES
(1, 'Florida', 'Florida local sales tax zone', NULL, '2015-02-26 16:56:42');

-- --------------------------------------------------------

--
-- Table structure for table `languages`
--

CREATE TABLE IF NOT EXISTS `languages` (
`languages_id` int(11) NOT NULL,
  `name` varchar(32) COLLATE utf8_unicode_ci NOT NULL,
  `code` char(2) COLLATE utf8_unicode_ci NOT NULL,
  `image` varchar(64) COLLATE utf8_unicode_ci DEFAULT NULL,
  `directory` varchar(32) COLLATE utf8_unicode_ci DEFAULT NULL,
  `sort_order` int(3) DEFAULT NULL
) ENGINE=InnoDB AUTO_INCREMENT=2 DEFAULT CHARSET=utf8 COLLATE=utf8_unicode_ci;

--
-- Dumping data for table `languages`
--

INSERT INTO `languages` (`languages_id`, `name`, `code`, `image`, `directory`, `sort_order`) VALUES
(1, 'English', 'en', 'icon.gif', 'english', 1);

-- --------------------------------------------------------

--
-- Table structure for table `manufacturers`
--

CREATE TABLE IF NOT EXISTS `manufacturers` (
`manufacturers_id` int(11) NOT NULL,
  `manufacturers_name` varchar(32) COLLATE utf8_unicode_ci NOT NULL,
  `manufacturers_image` varchar(64) COLLATE utf8_unicode_ci DEFAULT NULL,
  `date_added` datetime DEFAULT NULL,
  `last_modified` datetime DEFAULT NULL
) ENGINE=InnoDB AUTO_INCREMENT=11 DEFAULT CHARSET=utf8 COLLATE=utf8_unicode_ci;

--
-- Dumping data for table `manufacturers`
--

INSERT INTO `manufacturers` (`manufacturers_id`, `manufacturers_name`, `manufacturers_image`, `date_added`, `last_modified`) VALUES
(1, 'Matrox', 'manufacturer_matrox.gif', '2015-02-26 16:56:32', NULL),
(2, 'Microsoft', 'manufacturer_microsoft.gif', '2015-02-26 16:56:32', NULL),
(3, 'Warner', 'manufacturer_warner.gif', '2015-02-26 16:56:32', NULL),
(4, 'Fox', 'manufacturer_fox.gif', '2015-02-26 16:56:32', NULL),
(5, 'Logitech', 'manufacturer_logitech.gif', '2015-02-26 16:56:32', NULL),
(6, 'Canon', 'manufacturer_canon.gif', '2015-02-26 16:56:32', NULL),
(7, 'Sierra', 'manufacturer_sierra.gif', '2015-02-26 16:56:32', NULL),
(8, 'GT Interactive', 'manufacturer_gt_interactive.gif', '2015-02-26 16:56:33', NULL),
(9, 'Hewlett Packard', 'manufacturer_hewlett_packard.gif', '2015-02-26 16:56:33', NULL),
(10, 'Samsung', 'manufacturer_samsung.png', '2015-02-26 16:56:33', NULL);

-- --------------------------------------------------------

--
-- Table structure for table `manufacturers_info`
--

CREATE TABLE IF NOT EXISTS `manufacturers_info` (
  `manufacturers_id` int(11) NOT NULL,
  `languages_id` int(11) NOT NULL,
  `manufacturers_url` varchar(255) COLLATE utf8_unicode_ci NOT NULL,
  `url_clicked` int(5) NOT NULL DEFAULT '0',
  `date_last_click` datetime DEFAULT NULL
) ENGINE=InnoDB DEFAULT CHARSET=utf8 COLLATE=utf8_unicode_ci;

--
-- Dumping data for table `manufacturers_info`
--

INSERT INTO `manufacturers_info` (`manufacturers_id`, `languages_id`, `manufacturers_url`, `url_clicked`, `date_last_click`) VALUES
(1, 1, 'http://www.matrox.com', 0, NULL),
(2, 1, 'http://www.microsoft.com', 0, NULL),
(3, 1, 'http://www.warner.com', 0, NULL),
(4, 1, 'http://www.fox.com', 0, NULL),
(5, 1, 'http://www.logitech.com', 0, NULL),
(6, 1, 'http://www.canon.com', 0, NULL),
(7, 1, 'http://www.sierra.com', 0, NULL),
(8, 1, 'http://www.infogrames.com', 0, NULL),
(9, 1, 'http://www.hewlettpackard.com', 0, NULL),
(10, 1, 'http://www.samsung.com', 0, NULL);

-- --------------------------------------------------------

--
-- Table structure for table `newsletters`
--

CREATE TABLE IF NOT EXISTS `newsletters` (
`newsletters_id` int(11) NOT NULL,
  `title` varchar(255) COLLATE utf8_unicode_ci NOT NULL,
  `content` text COLLATE utf8_unicode_ci NOT NULL,
  `module` varchar(255) COLLATE utf8_unicode_ci NOT NULL,
  `date_added` datetime NOT NULL,
  `date_sent` datetime DEFAULT NULL,
  `status` int(1) DEFAULT NULL,
  `locked` int(1) DEFAULT '0'
) ENGINE=InnoDB DEFAULT CHARSET=utf8 COLLATE=utf8_unicode_ci;

-- --------------------------------------------------------

--
-- Table structure for table `orders`
--

CREATE TABLE IF NOT EXISTS `orders` (
`orders_id` int(11) NOT NULL,
  `customers_id` int(11) NOT NULL,
  `customers_name` varchar(255) COLLATE utf8_unicode_ci NOT NULL,
  `customers_company` varchar(255) COLLATE utf8_unicode_ci DEFAULT NULL,
  `customers_street_address` varchar(255) COLLATE utf8_unicode_ci NOT NULL,
  `customers_suburb` varchar(255) COLLATE utf8_unicode_ci DEFAULT NULL,
  `customers_city` varchar(255) COLLATE utf8_unicode_ci NOT NULL,
  `customers_postcode` varchar(255) COLLATE utf8_unicode_ci NOT NULL,
  `customers_state` varchar(255) COLLATE utf8_unicode_ci DEFAULT NULL,
  `customers_country` varchar(255) COLLATE utf8_unicode_ci NOT NULL,
  `customers_telephone` varchar(255) COLLATE utf8_unicode_ci NOT NULL,
  `customers_email_address` varchar(255) COLLATE utf8_unicode_ci NOT NULL,
  `customers_address_format_id` int(5) NOT NULL,
  `delivery_name` varchar(255) COLLATE utf8_unicode_ci NOT NULL,
  `delivery_company` varchar(255) COLLATE utf8_unicode_ci DEFAULT NULL,
  `delivery_street_address` varchar(255) COLLATE utf8_unicode_ci NOT NULL,
  `delivery_suburb` varchar(255) COLLATE utf8_unicode_ci DEFAULT NULL,
  `delivery_city` varchar(255) COLLATE utf8_unicode_ci NOT NULL,
  `delivery_postcode` varchar(255) COLLATE utf8_unicode_ci NOT NULL,
  `delivery_state` varchar(255) COLLATE utf8_unicode_ci DEFAULT NULL,
  `delivery_country` varchar(255) COLLATE utf8_unicode_ci NOT NULL,
  `delivery_address_format_id` int(5) NOT NULL,
  `billing_name` varchar(255) COLLATE utf8_unicode_ci NOT NULL,
  `billing_company` varchar(255) COLLATE utf8_unicode_ci DEFAULT NULL,
  `billing_street_address` varchar(255) COLLATE utf8_unicode_ci NOT NULL,
  `billing_suburb` varchar(255) COLLATE utf8_unicode_ci DEFAULT NULL,
  `billing_city` varchar(255) COLLATE utf8_unicode_ci NOT NULL,
  `billing_postcode` varchar(255) COLLATE utf8_unicode_ci NOT NULL,
  `billing_state` varchar(255) COLLATE utf8_unicode_ci DEFAULT NULL,
  `billing_country` varchar(255) COLLATE utf8_unicode_ci NOT NULL,
  `billing_address_format_id` int(5) NOT NULL,
  `payment_method` varchar(255) COLLATE utf8_unicode_ci NOT NULL,
  `cc_type` varchar(20) COLLATE utf8_unicode_ci DEFAULT NULL,
  `cc_owner` varchar(255) COLLATE utf8_unicode_ci DEFAULT NULL,
  `cc_number` varchar(32) COLLATE utf8_unicode_ci DEFAULT NULL,
  `cc_expires` varchar(4) COLLATE utf8_unicode_ci DEFAULT NULL,
  `last_modified` datetime DEFAULT NULL,
  `date_purchased` datetime DEFAULT NULL,
  `orders_status` int(5) NOT NULL,
  `orders_date_finished` datetime DEFAULT NULL,
  `currency` char(3) COLLATE utf8_unicode_ci DEFAULT NULL,
  `currency_value` decimal(14,6) DEFAULT NULL
) ENGINE=InnoDB AUTO_INCREMENT=6 DEFAULT CHARSET=utf8 COLLATE=utf8_unicode_ci;

--
-- Dumping data for table `orders`
--

INSERT INTO `orders` (`orders_id`, `customers_id`, `customers_name`, `customers_company`, `customers_street_address`, `customers_suburb`, `customers_city`, `customers_postcode`, `customers_state`, `customers_country`, `customers_telephone`, `customers_email_address`, `customers_address_format_id`, `delivery_name`, `delivery_company`, `delivery_street_address`, `delivery_suburb`, `delivery_city`, `delivery_postcode`, `delivery_state`, `delivery_country`, `delivery_address_format_id`, `billing_name`, `billing_company`, `billing_street_address`, `billing_suburb`, `billing_city`, `billing_postcode`, `billing_state`, `billing_country`, `billing_address_format_id`, `payment_method`, `cc_type`, `cc_owner`, `cc_number`, `cc_expires`, `last_modified`, `date_purchased`, `orders_status`, `orders_date_finished`, `currency`, `currency_value`) VALUES
(1, 1, 'test test', 'test', 'test test', 'test', 'test', '12345', 'test', 'Aruba', '1234124', 'test@test.com', 1, 'test test', 'test', 'test test', 'test', 'test', '12345', 'test', 'Aruba', 1, 'test test', 'test', 'test test', 'test', 'test', '12345', 'test', 'Aruba', 1, 'Cash on Delivery', '', '', '', '', NULL, '2015-02-27 12:41:50', 1, NULL, 'USD', 1.000000),
(2, 1, 'test test', 'test', 'test test', 'test', 'test', '12345', 'test', 'Aruba', '1234124', 'test@test.com', 1, 'test test', 'test', 'test test', 'test', 'test', '12345', 'test', 'Aruba', 1, 'test test', 'test', 'test test', 'test', 'test', '12345', 'test', 'Aruba', 1, 'Cash on Delivery', '', '', '', '', NULL, '2015-03-21 15:07:01', 1, NULL, 'USD', 1.000000),
(3, 1, 'test test', 'test', 'test test', 'test', 'test', '12345', 'test', 'Aruba', '1234124', 'test@test.com', 1, 'test test', 'test', 'test test', 'test', 'test', '12345', 'test', 'Aruba', 1, 'test test', 'test', 'test test', 'test', 'test', '12345', 'test', 'Aruba', 1, 'Cash on Delivery', '', '', '', '', NULL, '2015-03-23 10:46:07', 1, NULL, 'USD', 1.000000),
(4, 1, 'test test', 'test', 'test test', 'test', 'test', '12345', 'test', 'Aruba', '1234124', 'test@test.com', 1, 'test test', 'test', 'test test', 'test', 'test', '12345', 'test', 'Aruba', 1, 'test test', 'test', 'test test', 'test', 'test', '12345', 'test', 'Aruba', 1, 'Cash on Delivery', '', '', '', '', NULL, '2015-05-18 16:19:29', 1, NULL, 'USD', 1.000000),
(5, 1, 'test test', 'test', 'test test', 'test', 'test', '12345', 'test', 'Aruba', '1234124', 'test@test.com', 1, 'test test', 'test', 'test test', 'test', 'test', '12345', 'test', 'Aruba', 1, 'test test', 'test', 'test test', 'test', 'test', '12345', 'test', 'Aruba', 1, 'Credit or Debit Card (paypal_pro_dp; Sandbox)', '', '', '', '', NULL, '2015-05-28 17:29:43', 1, NULL, 'USD', 1.000000);

-- --------------------------------------------------------

--
-- Table structure for table `orders_products`
--

CREATE TABLE IF NOT EXISTS `orders_products` (
`orders_products_id` int(11) NOT NULL,
  `orders_id` int(11) NOT NULL,
  `products_id` int(11) NOT NULL,
  `products_model` varchar(64) COLLATE utf8_unicode_ci DEFAULT NULL,
  `products_name` varchar(64) COLLATE utf8_unicode_ci NOT NULL,
  `products_price` decimal(15,4) NOT NULL,
  `final_price` decimal(15,4) NOT NULL,
  `products_tax` decimal(7,4) NOT NULL,
  `products_quantity` int(2) NOT NULL
) ENGINE=InnoDB AUTO_INCREMENT=15 DEFAULT CHARSET=utf8 COLLATE=utf8_unicode_ci;

--
-- Dumping data for table `orders_products`
--

INSERT INTO `orders_products` (`orders_products_id`, `orders_id`, `products_id`, `products_model`, `products_name`, `products_price`, `final_price`, `products_tax`, `products_quantity`) VALUES
(1, 1, 25, 'MSINTKB', 'Microsoft Internet Keyboard PS/2', 69.9900, 69.9900, 0.0000, 1),
(2, 1, 28, 'GT-P1000', 'Samsung Galaxy Tab', 749.9900, 749.9900, 0.0000, 4),
(3, 1, 26, 'MSIMEXP', 'Microsoft IntelliMouse Explorer', 64.9500, 70.9500, 0.0000, 5),
(4, 2, 28, 'GT-P1000', 'Samsung Galaxy Tab', 749.9900, 749.9900, 0.0000, 1),
(5, 2, 19, 'DVD-TSAB', 'There''s Something About Mary', 49.9900, 49.9900, 0.0000, 1),
(6, 2, 21, 'PC-SWAT3', 'SWAT 3: Close Quarters Battle', 79.9900, 79.9900, 0.0000, 1),
(7, 2, 23, 'PC-TWOF', 'The Wheel Of Time', 20.0000, 20.0000, 0.0000, 1),
(8, 3, 23, 'PC-TWOF', 'The Wheel Of Time', 20.0000, 20.0000, 0.0000, 22),
(9, 4, 23, 'PC-TWOF', 'The Wheel Of Time', 20.0000, 20.0000, 0.0000, 1),
(10, 4, 28, 'GT-P1000', 'Samsung Galaxy Tab', 749.9900, 749.9900, 0.0000, 1),
(11, 4, 19, 'DVD-TSAB', 'There''s Something About Mary', 49.9900, 49.9900, 0.0000, 1),
(12, 4, 22, 'PC-UNTM', 'Unreal Tournament', 89.9900, 89.9900, 0.0000, 1),
(13, 5, 28, 'GT-P1000', 'Samsung Galaxy Tab', 749.9900, 749.9900, 0.0000, 1),
(14, 5, 8, 'DVD-ABUG', 'A Bug''s Life', 35.9900, 35.9900, 0.0000, 1);

-- --------------------------------------------------------

--
-- Table structure for table `orders_products_attributes`
--

CREATE TABLE IF NOT EXISTS `orders_products_attributes` (
`orders_products_attributes_id` int(11) NOT NULL,
  `orders_id` int(11) NOT NULL,
  `orders_products_id` int(11) NOT NULL,
  `products_options` varchar(32) COLLATE utf8_unicode_ci NOT NULL,
  `products_options_values` varchar(32) COLLATE utf8_unicode_ci NOT NULL,
  `options_values_price` decimal(15,4) NOT NULL,
  `price_prefix` char(1) COLLATE utf8_unicode_ci NOT NULL
) ENGINE=InnoDB AUTO_INCREMENT=3 DEFAULT CHARSET=utf8 COLLATE=utf8_unicode_ci;

--
-- Dumping data for table `orders_products_attributes`
--

INSERT INTO `orders_products_attributes` (`orders_products_attributes_id`, `orders_id`, `orders_products_id`, `products_options`, `products_options_values`, `options_values_price`, `price_prefix`) VALUES
(1, 1, 3, 'Model', 'USB', 6.0000, '+'),
(2, 4, 12, 'Version', 'Download: Windows - English', 0.0000, '+');

-- --------------------------------------------------------

--
-- Table structure for table `orders_products_download`
--

CREATE TABLE IF NOT EXISTS `orders_products_download` (
`orders_products_download_id` int(11) NOT NULL,
  `orders_id` int(11) NOT NULL DEFAULT '0',
  `orders_products_id` int(11) NOT NULL DEFAULT '0',
  `orders_products_filename` varchar(255) COLLATE utf8_unicode_ci NOT NULL DEFAULT '',
  `download_maxdays` int(2) NOT NULL DEFAULT '0',
  `download_count` int(2) NOT NULL DEFAULT '0'
) ENGINE=InnoDB DEFAULT CHARSET=utf8 COLLATE=utf8_unicode_ci;

-- --------------------------------------------------------

--
-- Table structure for table `orders_status`
--

CREATE TABLE IF NOT EXISTS `orders_status` (
  `orders_status_id` int(11) NOT NULL DEFAULT '0',
  `language_id` int(11) NOT NULL DEFAULT '1',
  `orders_status_name` varchar(32) COLLATE utf8_unicode_ci NOT NULL,
  `public_flag` int(11) DEFAULT '1',
  `downloads_flag` int(11) DEFAULT '0'
) ENGINE=InnoDB DEFAULT CHARSET=utf8 COLLATE=utf8_unicode_ci;

--
-- Dumping data for table `orders_status`
--

INSERT INTO `orders_status` (`orders_status_id`, `language_id`, `orders_status_name`, `public_flag`, `downloads_flag`) VALUES
(1, 1, 'Pending', 1, 0),
(2, 1, 'Processing', 1, 1),
(3, 1, 'Delivered', 1, 1),
(4, 1, 'PayPal [Transactions]', 0, 0),
(5, 1, 'Authorize.net [Transactions]', 0, 0),
(6, 1, 'Braintree [Transactions]', 0, 0),
(10, 1, 'Sage Pay [Transactions]', 0, 0),
(11, 1, 'Sofort', 0, 0),
(12, 1, 'Preparing [WorldPay]', 0, 0),
(13, 1, 'WorldPay [Transactions]', 0, 0),
(14, 1, 'Stripe [Transactions]', 0, 0),
(18, 1, 'Preparing [ChronoPay]', 0, 0);

-- --------------------------------------------------------

--
-- Table structure for table `orders_status_history`
--

CREATE TABLE IF NOT EXISTS `orders_status_history` (
`orders_status_history_id` int(11) NOT NULL,
  `orders_id` int(11) NOT NULL,
  `orders_status_id` int(5) NOT NULL,
  `date_added` datetime NOT NULL,
  `customer_notified` int(1) DEFAULT '0',
  `comments` text COLLATE utf8_unicode_ci
) ENGINE=InnoDB AUTO_INCREMENT=7 DEFAULT CHARSET=utf8 COLLATE=utf8_unicode_ci;

--
-- Dumping data for table `orders_status_history`
--

INSERT INTO `orders_status_history` (`orders_status_history_id`, `orders_id`, `orders_status_id`, `date_added`, `customer_notified`, `comments`) VALUES
(1, 1, 1, '2015-02-27 12:41:50', 1, 'test'),
(2, 2, 1, '2015-03-21 15:07:01', 1, ''),
(3, 3, 1, '2015-03-23 10:46:08', 1, ''),
(4, 4, 1, '2015-05-18 16:19:29', 1, ''),
(5, 5, 1, '2015-05-28 17:29:43', 1, ''),
(6, 5, 4, '2015-05-28 17:29:48', 0, 'Transaction ID: 17494740XB527540D\nAVS Code: X\nCVV2 Match: M');

-- --------------------------------------------------------

--
-- Table structure for table `orders_total`
--

CREATE TABLE IF NOT EXISTS `orders_total` (
`orders_total_id` int(10) unsigned NOT NULL,
  `orders_id` int(11) NOT NULL,
  `title` varchar(255) COLLATE utf8_unicode_ci NOT NULL,
  `text` varchar(255) COLLATE utf8_unicode_ci NOT NULL,
  `value` decimal(15,4) NOT NULL,
  `class` varchar(32) COLLATE utf8_unicode_ci NOT NULL,
  `sort_order` int(11) NOT NULL
) ENGINE=InnoDB AUTO_INCREMENT=16 DEFAULT CHARSET=utf8 COLLATE=utf8_unicode_ci;

--
-- Dumping data for table `orders_total`
--

INSERT INTO `orders_total` (`orders_total_id`, `orders_id`, `title`, `text`, `value`, `class`, `sort_order`) VALUES
(1, 1, 'Sub-Total:', '$3,424.70', 3424.7000, 'ot_subtotal', 1),
(2, 1, 'Flat Rate ():', '$5.00', 5.0000, 'ot_shipping', 2),
(3, 1, 'Total:', '<strong>$3,429.70</strong>', 3429.7000, 'ot_total', 4),
(4, 2, 'Sub-Total:', '$899.97', 899.9700, 'ot_subtotal', 1),
(5, 2, 'Flat Rate ():', '$5.00', 5.0000, 'ot_shipping', 2),
(6, 2, 'Total:', '<strong>$904.97</strong>', 904.9700, 'ot_total', 4),
(7, 3, 'Sub-Total:', '$440.00', 440.0000, 'ot_subtotal', 1),
(8, 3, 'Flat Rate ():', '$5.00', 5.0000, 'ot_shipping', 2),
(9, 3, 'Total:', '<strong>$445.00</strong>', 445.0000, 'ot_total', 4),
(10, 4, 'Sub-Total:', '$909.97', 909.9700, 'ot_subtotal', 1),
(11, 4, 'Flat Rate ():', '$5.00', 5.0000, 'ot_shipping', 2),
(12, 4, 'Total:', '<strong>$914.97</strong>', 914.9700, 'ot_total', 4),
(13, 5, 'Sub-Total:', '$785.98', 785.9800, 'ot_subtotal', 1),
(14, 5, 'Flat Rate ():', '$5.00', 5.0000, 'ot_shipping', 2),
(15, 5, 'Total:', '<strong>$790.98</strong>', 790.9800, 'ot_total', 4);

-- --------------------------------------------------------

--
-- Table structure for table `products`
--

CREATE TABLE IF NOT EXISTS `products` (
`products_id` int(11) NOT NULL,
  `products_quantity` int(4) NOT NULL,
  `products_model` varchar(64) COLLATE utf8_unicode_ci DEFAULT NULL,
  `products_image` varchar(64) COLLATE utf8_unicode_ci DEFAULT NULL,
  `products_price` decimal(15,4) NOT NULL,
  `products_date_added` datetime NOT NULL,
  `products_last_modified` datetime DEFAULT NULL,
  `products_date_available` datetime DEFAULT NULL,
  `products_weight` decimal(5,2) NOT NULL,
  `products_status` tinyint(1) NOT NULL,
  `products_tax_class_id` int(11) NOT NULL,
  `manufacturers_id` int(11) DEFAULT NULL,
  `products_ordered` int(11) NOT NULL DEFAULT '0'
) ENGINE=InnoDB AUTO_INCREMENT=29 DEFAULT CHARSET=utf8 COLLATE=utf8_unicode_ci;

--
-- Dumping data for table `products`
--

INSERT INTO `products` (`products_id`, `products_quantity`, `products_model`, `products_image`, `products_price`, `products_date_added`, `products_last_modified`, `products_date_available`, `products_weight`, `products_status`, `products_tax_class_id`, `manufacturers_id`, `products_ordered`) VALUES
(1, 32, 'MG200MMS', 'matrox/mg200mms.gif', 299.9900, '2015-02-26 16:56:33', NULL, NULL, 23.00, 1, 1, 1, 0),
(2, 32, 'MG400-32MB', 'matrox/mg400-32mb.gif', 499.9900, '2015-02-26 16:56:33', NULL, NULL, 23.00, 1, 1, 1, 0),
(3, 2, 'MSIMPRO', 'microsoft/msimpro.gif', 49.9900, '2015-02-26 16:56:33', NULL, NULL, 7.00, 1, 1, 3, 0),
(4, 13, 'DVD-RPMK', 'dvd/replacement_killers.gif', 42.0000, '2015-02-26 16:56:33', NULL, NULL, 23.00, 1, 1, 2, 0),
(5, 17, 'DVD-BLDRNDC', 'dvd/blade_runner.gif', 35.9900, '2015-02-26 16:56:34', '2015-03-24 10:44:35', NULL, 7.00, 1, 1, 3, 0),
(6, 10, 'DVD-MATR', 'dvd/the_matrix.gif', 39.9900, '2015-02-26 16:56:34', NULL, NULL, 7.00, 1, 1, 3, 0),
(7, 10, 'DVD-YGEM', 'dvd/youve_got_mail.gif', 34.9900, '2015-02-26 16:56:34', NULL, NULL, 7.00, 1, 1, 3, 0),
(8, 9, 'DVD-ABUG', 'dvd/a_bugs_life.gif', 35.9900, '2015-02-26 16:56:34', NULL, NULL, 7.00, 1, 1, 3, 1),
(9, 10, 'DVD-UNSG', 'dvd/under_siege.gif', 29.9900, '2015-02-26 16:56:34', NULL, NULL, 7.00, 1, 1, 3, 0),
(10, 10, 'DVD-UNSG2', 'dvd/under_siege2.gif', 29.9900, '2015-02-26 16:56:34', NULL, NULL, 7.00, 1, 1, 3, 0),
(11, 10, 'DVD-FDBL', 'dvd/fire_down_below.gif', 29.9900, '2015-02-26 16:56:34', NULL, NULL, 7.00, 1, 1, 3, 0),
(12, 10, 'DVD-DHWV', 'download.png', 39.9900, '2015-02-26 16:56:34', '2015-02-27 14:39:28', NULL, 7.00, 1, 1, 4, 0),
(13, 10, 'DVD-LTWP', 'dvd/lethal_weapon.gif', 34.9900, '2015-02-26 16:56:34', NULL, NULL, 7.00, 1, 1, 3, 0),
(14, 10, 'DVD-REDC', 'dvd/red_corner.gif', 32.0000, '2015-02-26 16:56:34', NULL, NULL, 7.00, 1, 1, 3, 0),
(15, 10, 'DVD-FRAN', 'dvd/frantic.gif', 35.0000, '2015-02-26 16:56:34', NULL, NULL, 7.00, 1, 1, 3, 0),
(16, 10, 'DVD-CUFI', 'dvd/courage_under_fire.gif', 38.9900, '2015-02-26 16:56:34', NULL, NULL, 7.00, 1, 1, 4, 0),
(17, 10, 'DVD-SPEED', 'dvd/speed.gif', 39.9900, '2015-02-26 16:56:34', NULL, NULL, 7.00, 1, 1, 4, 0),
(18, 10, 'DVD-SPEED2', 'dvd/speed_2.gif', 42.0000, '2015-02-26 16:56:34', NULL, NULL, 7.00, 1, 1, 4, 0),
(19, 8, 'DVD-TSAB', 'dvd/theres_something_about_mary.gif', 49.9900, '2015-02-26 16:56:35', NULL, NULL, 7.00, 1, 1, 4, 2),
(20, 10, 'DVD-BELOVED', 'dvd/beloved.gif', 54.9900, '2015-02-26 16:56:35', NULL, NULL, 7.00, 1, 1, 3, 0),
(21, 15, 'PC-SWAT3', 'sierra/swat_3.gif', 79.9900, '2015-02-26 16:56:35', '2015-05-26 12:10:04', NULL, 7.00, 1, 1, 7, 1),
(22, 12, 'PC-UNTM', 'gt_interactive/unreal_tournament.gif', 89.9900, '2015-02-26 16:56:35', NULL, NULL, 7.00, 1, 1, 8, 1),
(23, -8, 'PC-TWOF', 'car-hd-wallpaper-6.jpg', 20.0000, '2015-02-26 16:56:35', '2015-02-27 11:50:44', NULL, 10.00, 1, 1, 8, 24),
(24, 17, 'PC-DISC', 'gt_interactive/disciples.gif', 90.0000, '2015-02-26 16:56:35', NULL, NULL, 8.00, 1, 1, 8, 0),
(25, 15, 'MSINTKB', 'microsoft/intkeyboardps2.gif', 69.9900, '2015-02-26 16:56:35', NULL, NULL, 8.00, 1, 1, 2, 1),
(26, 5, 'MSIMEXP', 'microsoft/imexplorer.gif', 64.9500, '2015-02-26 16:56:35', NULL, NULL, 8.00, 1, 1, 2, 5),
(27, 8, 'HPLJ1100XI', 'hewlett_packard/lj1100xi.gif', 499.9900, '2015-02-26 16:56:35', NULL, NULL, 45.00, 1, 1, 9, 0),
(28, 93, 'GT-P1000', 'greenland_ali_2012207_lrg.jpg', 749.9900, '2015-02-26 16:56:35', '2015-06-22 11:14:32', NULL, 1.00, 1, 1, 10, 7);

-- --------------------------------------------------------

--
-- Table structure for table `products_attributes`
--

CREATE TABLE IF NOT EXISTS `products_attributes` (
`products_attributes_id` int(11) NOT NULL,
  `products_id` int(11) NOT NULL,
  `options_id` int(11) NOT NULL,
  `options_values_id` int(11) NOT NULL,
  `options_values_price` decimal(15,4) NOT NULL,
  `price_prefix` char(1) COLLATE utf8_unicode_ci NOT NULL
) ENGINE=InnoDB AUTO_INCREMENT=29 DEFAULT CHARSET=utf8 COLLATE=utf8_unicode_ci;

--
-- Dumping data for table `products_attributes`
--

INSERT INTO `products_attributes` (`products_attributes_id`, `products_id`, `options_id`, `options_values_id`, `options_values_price`, `price_prefix`) VALUES
(1, 1, 4, 1, 0.0000, '+'),
(2, 1, 4, 2, 50.0000, '+'),
(3, 1, 4, 3, 70.0000, '+'),
(4, 1, 3, 5, 0.0000, '+'),
(5, 1, 3, 6, 100.0000, '+'),
(6, 2, 4, 3, 10.0000, '-'),
(7, 2, 4, 4, 0.0000, '+'),
(8, 2, 3, 6, 0.0000, '+'),
(9, 2, 3, 7, 120.0000, '+'),
(10, 26, 3, 8, 0.0000, '+'),
(11, 26, 3, 9, 6.0000, '+'),
(26, 22, 5, 10, 0.0000, '+'),
(27, 22, 5, 13, 0.0000, '+'),
(28, 28, 1, 14, 2.0000, '+');

-- --------------------------------------------------------

--
-- Table structure for table `products_attributes_download`
--

CREATE TABLE IF NOT EXISTS `products_attributes_download` (
  `products_attributes_id` int(11) NOT NULL,
  `products_attributes_filename` varchar(255) COLLATE utf8_unicode_ci NOT NULL DEFAULT '',
  `products_attributes_maxdays` int(2) DEFAULT '0',
  `products_attributes_maxcount` int(2) DEFAULT '0'
) ENGINE=InnoDB DEFAULT CHARSET=utf8 COLLATE=utf8_unicode_ci;

--
-- Dumping data for table `products_attributes_download`
--

INSERT INTO `products_attributes_download` (`products_attributes_id`, `products_attributes_filename`, `products_attributes_maxdays`, `products_attributes_maxcount`) VALUES
(26, 'unreal.zip', 7, 3);

-- --------------------------------------------------------

--
-- Table structure for table `products_description`
--

CREATE TABLE IF NOT EXISTS `products_description` (
`products_id` int(11) NOT NULL,
  `language_id` int(11) NOT NULL DEFAULT '1',
  `products_name` varchar(64) COLLATE utf8_unicode_ci NOT NULL DEFAULT '',
  `products_description` text COLLATE utf8_unicode_ci,
  `products_url` varchar(255) COLLATE utf8_unicode_ci DEFAULT NULL,
  `products_viewed` int(5) DEFAULT '0'
) ENGINE=InnoDB AUTO_INCREMENT=29 DEFAULT CHARSET=utf8 COLLATE=utf8_unicode_ci;

--
-- Dumping data for table `products_description`
--

INSERT INTO `products_description` (`products_id`, `language_id`, `products_name`, `products_description`, `products_url`, `products_viewed`) VALUES
(1, 1, 'Matrox G200 MMS', 'Reinforcing its position as a multi-monitor trailblazer, Matrox Graphics Inc. has once again developed the most flexible and highly advanced solution in the industry. Introducing the new Matrox G200 Multi-Monitor Series; the first graphics card ever to support up to four DVI digital flat panel displays on a single 8&quot; PCI board.<br /><br />With continuing demand for digital flat panels in the financial workplace, the Matrox G200 MMS is the ultimate in flexible solutions. The Matrox G200 MMS also supports the new digital video interface (DVI) created by the Digital Display Working Group (DDWG) designed to ease the adoption of digital flat panels. Other configurations include composite video capture ability and onboard TV tuner, making the Matrox G200 MMS the complete solution for business needs.<br /><br />Based on the award-winning MGA-G200 graphics chip, the Matrox G200 Multi-Monitor Series provides superior 2D/3D graphics acceleration to meet the demanding needs of business applications such as real-time stock quotes (Versus), live video feeds (Reuters &amp; Bloombergs), multiple windows applications, word processing, spreadsheets and CAD.', 'www.matrox.com/mga/products/g200_mms/home.cfm', 3),
(2, 1, 'Matrox G400 32MB', '<strong>Dramatically Different High Performance Graphics</strong><br /><br />Introducing the Millennium G400 Series - a dramatically different, high performance graphics experience. Armed with the industry''s fastest graphics chip, the Millennium G400 Series takes explosive acceleration two steps further by adding unprecedented image quality, along with the most versatile display options for all your 3D, 2D and DVD applications. As the most powerful and innovative tools in your PC''s arsenal, the Millennium G400 Series will not only change the way you see graphics, but will revolutionize the way you use your computer.<br /><br /><strong>Key features:</strong><ul><li>New Matrox G400 256-bit DualBus graphics chip</li><li>Explosive 3D, 2D and DVD performance</li><li>DualHead Display</li><li>Superior DVD and TV output</li><li>3D Environment-Mapped Bump Mapping</li><li>Vibrant Color Quality rendering </li><li>UltraSharp DAC of up to 360 MHz</li><li>3D Rendering Array Processor</li><li>Support for 16 or 32 MB of memory</li></ul>', 'www.matrox.com/mga/products/mill_g400/home.htm', 7),
(3, 1, 'Microsoft IntelliMouse Pro', 'Every element of IntelliMouse Pro - from its unique arched shape to the texture of the rubber grip around its base - is the product of extensive customer and ergonomic research. Microsoft''s popular wheel control, which now allows zooming and universal scrolling functions, gives IntelliMouse Pro outstanding comfort and efficiency.', 'www.microsoft.com/hardware/mouse/intellimouse.asp', 0),
(4, 1, 'The Replacement Killers', 'Regional Code: 2 (Japan, Europe, Middle East, South Africa).<br />Languages: English, Deutsch.<br />Subtitles: English, Deutsch, Spanish.<br />Audio: Dolby Surround 5.1.<br />Picture Format: 16:9 Wide-Screen.<br />Length: (approx) 80 minutes.<br />Other: Interactive Menus, Chapter Selection, Subtitles (more languages).', 'www.replacement-killers.com', 0),
(5, 1, 'Blade Runner - Director''s Cut', '<p>Regional Code: 2 (Japan, Europe, Middle East, South Africa).<br />\r\nLanguages: English, Deutsch.<br />\r\nSubtitles: English, Deutsch, Spanish.<br />\r\nAudio: Dolby Surround 5.1.<img alt="test" src="data:image/jpeg;base64,/9j/4AAQSkZJRgABAQAAAQABAAD/2wCEAAkGBw0QEBAQDxAPEA8PFBAPDw8PDQ8PDQ4NFBUWFhQUFBQYHCggGBwlHBQUITEhJSkrLy4uFx8zODMsNygtLisBCgoKDg0OGxAQGCwcHBwsLCwsLCwsLCwsLCwsLCwsLCwsLCwsLCwsLCwsLCwsLCwsLCwsLCwsLCwsLCwsLCwsLP/AABEIAKYBLwMBEQACEQEDEQH/xAAcAAABBQEBAQAAAAAAAAAAAAAHAAIFBggBBAP/xABZEAABAgQABgkNDQMLAwUAAAABAgMABAURBgcSITFUExc1UXSTsbPSCBYiJTJBYXFyc4GVshQjJDM0UlOChJGUwdGhwtMVQ0VVYoOSorTE8EKjpBhkw+Hx/8QAGgEAAgMBAQAAAAAAAAAAAAAAAQQAAgMFBv/EADMRAAIBAwIEBAUDBAMBAAAAAAABAgMRMQQyEiEzURNBYZEFFFJxoSJCgRU0U5IjQ/Ak/9oADAMBAAIRAxEAPwCWwWwZaqL1XdmZqfSWanPMIDU8402hlKgoC2gd0YhCd2u6brtS9auRCC2u6brtS9auRCC2u6brtS9auRCC2u6brtS9auRCC2uqbrtS9auRCC2u6brtS9auRCC2uqbrtS9auRCC2uqbrtS9auRCC2uqbrtS9auRCC2uqbrtS9auRCC2uqbrtS9auRLkFtdU3Xal61cgXILa6puu1L1q5EuiC2uqbrtS9auRLogtrqm67UvWrkS6ILa6puu1L1q5EuQ7tdU3Xal61ciXRBbXVN12petXIl0QW11TddqXrVyJdEFtdU3Xal61ciXRLHNrqm67UvWrkS6JY7tdU3Xal61ciXRLC2uqbrtS9auRLolhbXVN12petXIl0Gwtrmm67UvWrkS6JYW1zTddqXrVyJdEsxbXNN12petXInEiWYtrmm67UvWrkTiXclmLa5puu1L1q5E4l3JZi2uabrtS9auROJdyWYtrmm67UvWrkTiXclmLa5puu1L1q5E4l3JZi2uabrtS9auQOJdyWYtrmm67UvWrkHiXclmLa4puu1L1q5A4l3JZi2uabrtS9auROJdyWZR8b+DqaXKMPSk3Uctx8NK2SfeWnILa1Zhv3SIsAmaVuZhbwytc1EIQiOp/cIB/lJGcA/Ij/FiEHf8Ap9c/rJH4E/xYhCt4VYqVSD9OZM4l3+UJhMqFCWKNhJUhOURlnK7vRm0RCFj/APT+5/WSPwR/iRXiCLaBc/rJv8Cf4kDiJYruHuKxVJlPdSptD42RDWxiWLZ7K+fKyzvb0RO4Sx7Qbn9Yt/gT/FijmSwtoVz+sGvwJ/iwPEQbFOxgYBGkGWCn0THunZrZMvsWRsWx76je+y/sicV0QrVOkQ88y0MlJecaZCikEJLiwm9u/a94l33DZBV2il6+z+AP8WKeKvUPCdGIxevs/gD/ABYq6y9fcKQto5evs/gT/FivjL1LEBhbi4NOEuVTDb3ul0MC0tseQSL5WdZv4oKqcWLhLDtJL15n8Cf4kUdZevuE6MSrmvM/gT/EirrLs/cJ4a7irVKSz0yZttwMoKygShQVeC+WbfdAVW7sQoIbTvD7hB4mEeG07w+4QLsJf8F8WT0wlLs0fc7SgFBsJBmVJOcXBzI9Nz4BGM6qjyIXuUxe0Zu3wUOEZsp1xxeV4Sm+T+yMXWl3DYgKtQ6e3WqbLplpZLTrT5WzsLeQ6UoeIKkkdkRkjOd4RopzdNyu+RLq9iyz2BVJdSQZRlu9uyYQGVDxZFhC/jz73LWB5hXgE5JpU8yrZmAeyGQA60nfVbMob5Frb3fjWFXi5EKkEDeH3Re5aw4IG8PugXDYncFsHPdy3EBxLWxpC7lvLvc2ta4jOc+FXIWYYsV60j8MenGXjrsEcMWStaR+GPTieKgXIrBvA8zqXVB5LexL2Oxay8rNe/dC2mLSlYN12JkYs160j8MenFeIHEuw7a0XrSPw56cS5OP0I6QwNU7MzEtsyUmXyLr2EkLyhfRlZvvglnNJXsSoxbL1pH4c9OJwg8T0HDFsvWkfhz0onATxV2KMUixzDRvRn5mtrouvVEbmyfCUcy7HpobUcd5FStzMLeGVrmosALLXcp8Q5IhBxMAgKsaVRl11OgMIdbU8zUGC60lxKnGgpxnJy0jOm/hiIgUhGZY5FWwg16oDcj7QxyLi0MgYQZOdZfQl1lxDrS7lDjawtChe2YiMpcmFH1JijLAT6pBZH8mWzfLf9tG1FXRWXIFmDD4EzLLcUAlExLLUpRsEoS6kknwAAxaaSDHma1lZtp5CXGlocbWLpW2sLQoeAiEmXPrFWwnIqEGOO53JbphvkgTicok2ATbOSd6GNMr3KTdgjsTLTgCm1ocSQCFNrStJBFwbjfEKyTT5o0TQ+M7hK1jIURSZ8jMQwq33iNdOk6iuCfJGaKbNOKcAUokWOawh+rCKjyRlCTbCpipwcEw+Zt0AtSxshJAIXMWuL+BIIPjKd4xzqk7IZsGOFLhGOLABJIAAJJJsABpJiK7dkRgOq2MWRdrUjOoQ97nlEusrUpIC1pcDidkSkZ7DLvY5zbRHXjpZKi4X5sWdS87hqkptp5tDrSgtpxIWhaTdKknQRHFnFxlwvKGk0+Z9FAHMRcd8HOCIzv2CAHD+R/kyoFsfJJgbM0LH3m5IUgHvgKGjvBQjs0orUUuL9yMOJwlZ4PMmE3yGUXrFSPf5jzafbEY1tpGE2FwDJiYbaSVurQ22nOpbighCRvlRzCNIRcnZK5WTsD/ErNKdYnVKVlD3UoJOa2Rkpta0P66nGHDwqxlSm5XuwjwianbRZIBQMGqikV+rsOOpBUJbYG1KSFKIbBXkjSdIh6pSXgxlFc/MxU3xWbCEIVRqOSM4i8VzRVmRW67OZhsqrZh3KNH3R1npaP0mHjVO4cuqK3NlOEp5l2N44MmKlbmYW8MrXNQSBYa7lPiHJAZCh45MMF02RAYUEzU0S00q4ym0AXccA3xcAbxUICIZ7wIWVVanKJJJnZQkkkkkvIuSe+YLIa/vGLLI5FWEG2P49qPtDHIuL08gkB3FthrMUuYT2SlSbigZpnSCnQXE7ykg3zacmx8F5q6BE1KhYUAQQQQCCNBHeMJs1Ap1SX9GeOd/20MUMMpMENP0K8Yg1QwCdiXrrrM6JO/vE3lnItomEIKgsHvXSgg7+behefNfY0sHiFwnIqEEvVD/ACOU4QrmzDWkyzKoCHBeozMs4t6VcU08E2StNtBvmUCLKGYZiCM0b17WV8Apo03gjXkz8o3MABKyMh5ANwh9NsoeLQR4CI5dRJS5G8fU8WMncmoeYVyiL6bqoFTaZlo3xo8So6dfYzGnuNK4t5EM02X33gX1HfKzcf5QmOLWf6hpFmJjBssVnGPMLbpU8pBKVbCpNxpsspSr9ijDGkV6yM6m0zFKMlxaUA2yja+9HclLhVxSKu7GmMWoIpcqm5OSHUAm18lLqwBm8AAjzupnxVG+4/GNlYs0LNlwR9UBLgtSLvZXSt9v+zZQSrP4ew5Y6/wuW5CuoWGUPBx4rZsf5s5P1dI/54ItrI2nfuaaeV4/YJuKoe/zHm0+0I59XBswmRildlWZxxp4YKqE0ptpZMlLnJZSD2DqxmU8R3ybkDeGjSb+h0tBUoeryJVJ8TL/ANT/APIprhH/AMaIT+I5ia0MMKYEIWNjpgpEMy41llNanVJJCkraIIJBCg03Yg94x3dP0kJT3MNWK3CB2ck20vqy32kIylnunEEZlK3zcEE+LfjlVklUaQ0l+lMuqdIgQygMxk1pHjHLHbeBQ0J1RW5spwlPMuxI4IxUrczC3hla5qCQK7Z7FPiHJFGyGdOqGmVqqjTZUShuWbKUd5ClrWVek2T9wi0SFMwBT20pp/8AeSnOpgSYUjXojAscJirYQa4/tyPtDHIuL0sgkZ1khdR8X5iNamARyazwFnC9TJBwnKUqXZCybXLiUhKzm/tJMJz5NmiBh1SH9Gfbf9tG+nwykwRU7QrxiDWDAu2K8dt5Hy3v9O9GD2s1NHQq2EaYrcIJuqG+RynCFc2Yb0eWZVQN0TSv6v5xvqMIFLIasSMx2M60e8WHAM9+yC0q8H/Sn/mjnVsJm5asZO5NQ8wrlETTdVFam0zNRfjR4lckdSvsZjS3Gp8F2wiRk0i9gwxp050A/nHBqP8AUxtEmYzLFVxn7kT3mh7aIY0XWRlV2mb6H8e39b2THZ1HTYvS3I0ji63Nl/G/zzkedrv9Q+WSMAgyx+fIJbhKeacjqfC98vsLajCBVgkr44eQfav+UOa9ckwabLQWsVY9/mPNp9oRyqmBmRdcLppTNPnXU3ym5d9SSMxCsg2P3xbTR4qsTKo7RZlOXaK1pQNKilI7+nNHoZOybEkruxovFHLIalXUIFkpcAHh7BNyfDHAqVHOXEx9wUVZF8ihU7FkiGYcbW7M95TXMtx29P0kJzyy/YopgodlUi9nWVII72ZJWD/kjkV3/wDQx5L/AIUGROkeOLwyjJ4MYtd0nxjljtPAoaE6orc2U4SnmXYEcEYqVuZhbwytc1BIFZvuR4hyRk2EzJj1J/lp/wADcuB4BsYMaLACBwCHbOm8MlOeTFJFlg1vGBY4TFWEG+Pzcj7QxyLjSjuKyM7SPdHxfmI1qYBHJpvFBuLJ+Oa/1L0J1MmqKN1R/wDRv23/AG8b6fDM5glpmhXjEWreQaZdsWI7byPlu/6d6FntZsaLMKthGmK3ICfqhvkcpwhXNmHNFlmVUDlD0r+r+cb6nCBRyGDEp8bO+Qx7S451baMlyxkbkz/mFcogaXqopU2maKJ8cPErkjrV9jMKW41Jgs7lyMmq1rsM5r30IA/KOBU3McRJxlcJVsZ25E95oe2iGdF10Z1dpnGhfKG/rewqO1qOmxalvRpHF5ubL+N/nnI85X3HQLHGRAZ4/fkEtwlPNOR1Phm+X2FtRhAowR7p3xJ5TDmv2IrptzC7isHv7/m0+0I5M8Dcyz4x3sikz5te7KkWvbuyEX9GVf0Rto1/yoXqv9JmugJBmWb/ADr+kAkR2NQ7UpC9HejQ2K4e8P8AnR7CY4KH6mS7Wi9jI7FkAzDjb3ZnvKa5luO1Q6aFJ5ZecVI9+kPIXzK441f+4Y+uig0p0iNormjB4MYs90nxjljsPAqaD6orc2U4SnmXYrHBBUrczC3hla5qLECq33I8Q5IwZYzJj13af83L80mNY4Ksg8AR2ypvDJTnkxSZdYNawu2WORUIN8fm5P2hjkXGtDcVkZ4kO6Pi/MRtV2ghk01ih3Gk/HNf6l6EquTUovVH/wBGfbf9tG+mwzOoCelDMrxiLV/INMu+LIdtpLy3eYdhZ7WbGiIUYRpMVICfqhfkcpwhXNmHdDlmVYD1B0ufV/OGNThAo5LVRa3NyZWZV0tFwJCyENrygm9u7B3zCLs8jB8sJ8Nqw60WFzKlsvJUl1GwS4yk3Ga6UXHoMNaWnDdbmYVW8FWoiDswuDoV3vBG9drgZWluNO4H7nyfmGvZEcCrvY4S94xbCRuENKROSr8sslKX0FGUNKTpSfQQIvRq+HUUis48SsZmlqe7LT2wPJyXGVutrGe10pULi+kHSD3wRHoK0lKjxLDFKatOzCxg5humUlm5cy6nC3lnLDwSDlLUrRkn50cOdNSd7j585rHSy2tSDIuEpNriaTn/AMkOQ+G8UU+L8C0q9naxUcYeMRuqy7TCZZbJbdD2Up4OAgIUm1gkfO/ZDml0ngtu97mNSrxogMD+6d8SeUxXX7EaaXcwvYrB7+/5tPtCOSxuZYcaI7Tz/m084iGNGv8AlQtV2mc8GBeaa+ufuQqOpqujIyodRGhMV/xD/nR7CY4kByrkuoEaIyOxawDMGNvdqe8prmW47FDpoVlll7xUj36Q8hfMrjjV/wC5Y+ugg0JGcQxFcxd4MYM90nxjljrPAsaD6orc2U4SnmXYrHCIKk7mYW8MrXNRYgF+uKpa9O/jJjpRnctYipx+YeWXHluOuGwK3VqcWQMwupRvF7oFidwCSRUqbwuV55MYzZZYNYwuy4iYq2EG+Pvcn7QxyLjbT7ikzPVP7o+L8xG9XaCGSelqpNtpCG5mZbQL2Q3MvIQm5ubJSqwzkmFrmxF1SYnH1e/OPvBBVseyvLdyQbXycom17D7hDMZxSMJRdx1MaUkKygRcjTGVaSdrGlNNF0xZjttJeU7zDsKvazY0IYUZDkVuEE/VCfI5ThCubMPaDLMawIcH9Ln1fzhjVYQKOSZAhEZQ8CBcI8CBcNg04up7Zae0CQVMlTBsLWCTdP8AlKYTrq0rksWWMGWORUIMsceCqnW01GWSozEsEh1KRfLlgScqwFyUk/4Sd6Or8Pr/APVLDFq0P3IodOmkvNhY06FD5qu+IFem6crG9OfGrjHaPLLUVKRdSjcnLWLn0GCtVUSsmB0IN3Y0UGU+j/7jn6wfnKvf8Iny8Ox65KnMskltOSVWB7JRvbxmMqledRWky8KUY4JGXfcbJLa1oJzEoWpBI8NowNLERhY9UHkoQh2ZcQoLDqNncKFC6SMpJNjoMdDRVIRT4nYV1FOTa4UQ2D1LmG5lta2lJSMu6jawuhQhjU16bpNKXMzoUpqabQecV/xD/nR7Ajk0xitkusaoxEYtYBl/G3u1PeU1zLcdijsQtLJY8G3FJlpdSFKSoNpspKilQzWzERwNY7VpHVoJOmrjsJZyoqYtLvzWyZafi5h0Kyc98+VGmgrRjNub5W8ymqptw/Sigt0CdCgdgcsCCcw0X8cdf5qi/wByEPAqfSHDqitzZPhKeZdjaODJipO5mFvDK1zUEgBrRiaDgIAScwJHbOncLlOdTFWE1XeMWwnIpcIOMfW5P2hjkXG+nf6ik8GfKZ3Z8X5iN620rTySgEKG44CAEeBACWjFoO2sn5TvMOxWW1kNAmE2wnCYqEF2PVkOMU9skgOTYQSNICk2v+2HtC+cjGt5HZPE5KNZWTNzByrXu233v/2M62s4uVsF4U+E9W1XLa09xbcLuv6GpR8K6MiSmlS6FqWlKUKylABXZC/ejSMuJXCiJAiBLJgPXfccwMs+8PWbdz2Cc/YuejP6CYzqR4kGwZgb59/PCDIdiWIJSQQQc4OYjvEGLx5O4DP+GNC/kefsi/uKa7Non+bN+yRf+ySPqqEdyLWqo3/chZPwp+jPoI5r5DyHgRW4R4EAI4CAEeBFWSw4CAGwR8WI94f84PYEb0sC1fJdY2SMBGLEMv43N2p7ymuZbjrUdiFZZLDg+Pgsv5tPJHntb1pHY0/TRJgQmbnSMxiIjwWHqidzZPhKOZdj11PajgPIqTuZhbwytc1FgAIAjA0HgQCxN4FDtlTuFyvOpirwQ1RC9yxyKtkBxj53J+0Mci43025lKmDP1L7s+T+YhmttK08kqBCYwPAgXCOAgELPi2HbWT8p3mXYrLawh/JhII0wLhBrjp7imcNRyQ9oP3GNbyCReOdJ82brA0xRsJnrHRMOJqzgStaRsTGZK1Adz4I7mijF0U2hSrJqWSMoylKYQVEqJyrkkknsj34X1KSqcvQYou8eZ7wIWNgo4uK9srfuVw++Mi7ZJ7Jxq+jxp5CN6FqsP3IBdhGSQDogpEIPDTBlqpSi5ddkr7th0i5aeGg+I5wRvGGtNWdKd/IyqR4kAujOuoU5KTCSh+XJQpKtNkmxF+/bktDespLqRww6ep+1+RMAQgN2HAQGSw8CKssOAgEHgRVhCNix+If84PYEM0MMVr5LoIYSFxRaxDL2Nzdqe8prmW46lLYhaWSyYPD4LL+bTyR53W9eR2NN00SQEJjA4jMYiZHgnuqJ3Nk+Eo5l2PX09qPPvIqTuZhbwytc1F2ABYELGqHAQCxOYFjtlT+FyvOpijwQ1JeMLljkVbIDjHzuT9oZ5FwxpdzKVMAApPdnyTyiGK+0rTyS4EJm44CKhHgQAlmxcDtpKeU7zLkVntYbB7hIJyAEGuOnuKZw1HJD2g/d9jCt5BHjnSyMLBwmKNhM7Y7N1nPNMezHf0HRX8iVbceGgj4O39f21Qtq+o/4GaGwkgIVNz1SE04w4h1s2W2oKSe9caQfARcHwExVksGyhVRubYQ8jNlZlp76HB3ST/zQRC8o2ZTBIiIkA7aLJABNjlwWWlSatKp98byUzSUgnKQBZLp8AACT4LbxjqaSopR8KYvNOL4kViQmkvNpcRoUNHfCu+DCFam6c3Fj1OanG56gIxuajgIBB4EVYR4EAIRcWQ95f84PYEN6fmmKajcXMQyLnYtYBlzG7u1PeU1zLcdKlsQu8lmwdHwSX82jkjzmu68js6bpokwITuMHSMxiIDwTnVE7myfCUcy7HsKe1Hn3kVJ3Mwt4ZWuai7AA4CFTYcBFQk1gYO2VP4XK86mKvATUML3CKK3CDnHxuT9oZ5FwxpN7M6mAA0juz5J5RDVfaVp5JgCEmMDwIqEcBADYs2Lkds5TyneZcis9rIHgwiE4TAuEF2PZ8ty8i4LEomcsA6CUouL/AHR0Ph3NyMK/kQkljhn3EuqMtKjY05Qts2c2J+f4IvU0NNSXN82SFVtP0PHt11DVZT/v9ONP6bT7sr8xIpGFmELtRmVTTqENrUlCMlvKyLJFh3RJhyjSVKPCjKUuJ3JfB8fB2/r+2qObq+qOUNhJgQobjgIAbFnwGr3uV7IWfeHylK7nM2vQle8BnsfB4oq1cEkFsRRIyHCLAGvsocSpC0hSFgoWlQulSCLEEbxEXi3F3XkBozzWKQujVBcqokyj5y5Zw37kmybnfHcn0HNHSrQWopcSyjOlPwp2eCTAjjM6I8CKhHgQAjgIAQi4s/iX/OD2BDmlwxLU7i5CG0hc7FgGW8b27U95TXMtx0ae1GDyWjBwfBJfzaOSPNa7ryOzpumiTAhMZHEZjEWQPBM9UTubJ8JRzLsexp7UeeeRUrczC3hla5qLMAEAIUN0OAgBJvA0dsZDhUrzqYrLATTsLNhFFQg5x8bk/aGeRcM6PezOrgAdG7s+SeUQ1qNpSlkmgISYyOAioR4EAhZcXY7ZynlOcy5FJ7WEOphK5YbFbkBX1QHySU8+rmzHR+GbpC+owgU4MpB2YEAghAIOcEdlDmsbSTQNOrtkyJBj6Jri0/pCPjVPqYz4cew8SDH0TXFp/SB41T6mTw49kehppKQEpASBoCQAB6IzlJyd2y6ilg+oEULDgIAR4EAIUcX1d2dr3O4RsrIATc9k4zoB8JGg+iIYzjYuAg2MzoiyIVHGng4J+nOpA9+lwqZZNiSVISSpGn/qTceO0N6WpwT9GZVI3QHcFqnszeQo++NWBvpWjvK/I/8A3GWv0/BLijhjOmq8S4XlE8BHOGhwEAsPAgBCHi0+Jf8AOD2BD2l2sR1O4uUOCx2LJAMt43t25/ymuZbh+ntRi8lpwcHwSW82jkjzOu68jt6XpIlAISGBxGYwVkDwS3VE7myfCUcy7Hsqe1HnXkVJ3Mwt4ZWuai7wRASAhI3HgQAk1gcO2MhwqV51MUeCGmoWLHIq2EHWPfcr7QzyLhrR72ZVcAFonxh8k8ohvUbCtLJOAQgMjgIBBwEAsWXF6O2Ur5TnMuRSe1hDiYRZDhioQV4//kkp59XNmOn8L3SF9RhAswV0u/U/ehvW4QNNllwodKXNvJYbUlKlBRBXfJskXOgHejmOVlcbLBPYBTTLTrynWClpC3FBJcyiEgkgXT4IzVRN2JcqwEWLFpwdwOXOM7Ml5LYylIyS2VHsbZ738MBsDlYlRi3d1lHEq/WK3Bxnlq+A7ksw4+X0LDYBKQ2oE3IGm/hiBU7leps64w6h1o2Wg3G8QRYg+AgmAi7SaDTSp9uZaQ82bpX3u+lXfSfCI1Qq1Z2PYIsA7kg6dHfG+ItHJVmTyr3HUXUJsEtTDzBAJydjDhRa58QPojrVoKrSaZjSk4TuX4CPNM7CHgRUsOAgECHi1+Jf84PZEP6PaxHVbi5Q8kKnbRawDLON/duf8prmW4ehtRk8lrwbHwSW82jkjzGv68jt6XpIlQIRGDpGYxFkDwSnVE7myfCUcy7HtKe1HnXk7SNzMLeGVrmos8EjkCgEJDA8CKhJnA8dsZDhUtzqYrLBDS4hW5Y4YqEHWPbcn7QzyLhvRb2ZVcAHofxivJPKmHNTs/kpR3E6BHPGR4EAI4CAWLHi/HbKV8pzmnIzntZA3mEWE5FQgrx/fJJTz6ubMdP4XukL6jyBdgmM7viR+9Dmu2orpssJOLsfD2/Jd9gxyqm0bYRcMlFNOn1A2IlZkg7xDaorp4p1Ip9zKbai2jN1Kq0yt5tCnLpUqxGSgXHoEdurp6ag2oi9OrPiSuaCxbfIf71z92OJIblktYESxQreMl1SKVOrQbKS2CDYGxy0b8M6aClUSaKTk0roz7QKxMuzDaFuZSVZdxkIF7IURoG+BDup09KNJtRsytGtNzSbDvivvsD472yg271ygfoI5dPAxWyXWNrGJ0RZIDMmYdMFup1BKrX90zCs2iynCofsIjswd4oVeS/S5JSknSUpPpIjy9XlNo7cNqPsBGRceBFQhCxbD3l/zg9kR0tDtYhqtxcQIfSFDsWIZYxwbtz/AJTXMtw5DajJluwaHwOW80jkjy2v/uJHb0vSRKAQkMjiMxiJ8yPBI9UTubJ8JRzLse1p7UebeTtI3Mwt4bWuaizwSOQLgQiMjgIqEmcEB2wkeFS3OpissENKQoE5FWwg6x67lfaGeRcOaHezKtgBFB+MV5J5Uw5qdn8lKO4sAEc8aHAQCw8CKkLFgAO2Mr5TnNORSexhDYYQYTkVCCzH98klPPq5sx1fhW6QtqfIF+COl7xI/ehzXbUV02WFDFmj4aTbQy4b20HKQPzjkzwNyL5htuZUOCTXNKi2m6sfuY1NrMxUL5Sz5X5GO9W6bFKe5GkMWw+Bf3rv7sefHp7i1iCihV8aO5E/5oe2iGtJ1EZ1NpnLBb5Wz/ec2qOhrOjL/wB5mdDqI0Niw+If86PYEcajgcr5LrG5gdEWSAzJGGrxXUp9ROVeamQDvpDigP2AR14q0ULPIQpQdgjyU8gjy1bqP7nbp7EegCMjQcBFQhCxbD3l/wA4PZEdPQbWc/V7kXCOiKHbRZIqZXxwbtz/AJTXMtw1DCKMuGDI+By3mkckeW+If3EjuaXpIlQIRGTpGaIsglg9/VE7myfCUcy7Htqe1Hm3k7R9zcLeG1rm4tLAY5AyBHPGR4EAJNYGtk1GRAFz7pYVYbyVhRPoAJ9EVlgho+E2E4TFQlAx2y5XSHCP5p1hw5r3TlZHo7sQ3oZWqW7mVZcgC0Ae+K8g+0mH9Vs/kpR3FgAjnMaHgQAjgIqEs2L1hSqgwUi4b2Raz81OxqTf71AemM6jtFhDLCDCKCkAFuP/AOSSnn1c2Y63wvMhbUeQMMD9L3iR+9DOv2omlyw2YsqSpCHJlYI2WzbQItdsG6leIm3+HwxyZdhmbJ/DbcyocEmuaVGum6sfuY1NrMw0H5Sz5X5GO5W6b+wrT3o0Piveuw8i/cOBVr6ApIGjxpMefR0KmS7Wi6RkVjGcgmkT4AJOw3sN5Kkkn0AEwzpeojKptM4YKj4Wz/ec2qH9Z0Zf+8ymn6iND4sR7y/50ewI41DA5X3F0EM2FxrzgQlS1ZggKUTpsEi5zeiLwXNFWY1mn1OLW4q2U4pS1WzDKUSTb746wuFuXQQlIOkJSD4wBHk6zvN/c71NWij7ARiXHgQAhDxct2l3VfOdsPQlP6x1vh6/Q36nN1j/AFluAjooUOxZIBlrHKwtNbnSpJSFllaCRmUgtIFxvi4I9BhmOCjLbgwPgct5pHJHk/iH9xI7ul6SJUCEhk6RmiLIJYPb1RO5snwlHMux7entR5p5O0bc3CzhtZ5uDLAYbkBwCOeNHdAvvQCB2wPwBlpBYfUtT8wAQhZSEIbygQooRc5yCRck5j4TC86jfJBRcYwuEbFWwnnn5Rp9tbLqEracSULQoAhSTEjNxkmsoDjfkA/C3F+1ScmYRMqcaedTLIbcaAWjKQpYJcBsrO1buR3XgjpLUePFxtZrmZKHA7kGBC7GBwEVCeiTY2Rxtu9tkWhF7XtlKAvb0wLhDRg1g0xIpVkFS3F2y3VWBIGgAd4QjUqOZCbiiRDsWRAaY72QtmnoVfJXNhCrZjZSbG33x1PhvJy+wtX8ibo+LKlSqytCXl3tdDroUg2va4AF9MY1tVKpyfkXhBRwXJtASAlIACQAABYADMAIXLkRhsO1lR4JNc0qGNN1Y/czqbWZgoHylnyvyMdmv039halvQasXlR2Ga2NRsiYGRvDZE3KOVQ+tHn4M6VVcgpiNhc+FRkm32XWHBdt5C2l6L5K0lJtfNfPF4ScWpLyKtXVjPM3gPOUypyrS7OtzDi2pV0KADpUCkJUD3KuyTcaM+kx0a0lWoSS7GVP9FRNh5wWovuNjYyQpalFbikg2yiAABfvAAftjm04cKN6k+N3JkRsjMo+ODCNMlTXEJWBMTgMuym/ZZChZ1YGmwQSL94qTDGnheV+xSb5GcqNLlyYZQO+4m/kg3P7AYbrTUKbk/JFKceKSQWgI8k3zO6hwEVLE3gxRBOOKQpZQlCQo5KQVEE2sL6P2wxpqHjSs3axhXrOmuSyE2nSLbDaWmxZCNF85JOcknxx3KdOMI8KOVObk7s9QEapFTsEBS8YOLiUq+S4pamJpCQhL6EhYUgEkJcRcZQBJ74MaKVkVZQaOylpC5YLC1STr8mtQGTlFhxTYVk3NsoJCrZ7X0mPN/E6bjWcvJ8zt6OadJLsSAEc1jg4jMYkcglg9XVE7myfCUcy7HuKe1HmXkdRdzcLOG1nmxBngkMoDoEc4bHFOY+IwL8wh9GH1GAzzac2n3l/oQt4Um+RMHnOMug683xMx0Iv8pW7FfFic2y6DrzfEzHQivydbt+Q+LE5tlUHXm+JmOhAejrfT+UTxYFExwYXUydkmmpSZS84mYQ4UpbdSQ2G3Uk3UkDSpP3w5otPUpybkvIyqzjJcge4PzLi1KSpRUEpFgc9s8aaqEVG6XMtQk27MnQI540eumLSh5lSjZKHGlKOfMkLBJ+4RVhC65htSUgqVNJCQLk7E/mH+GFY0JylZFW7c2eTbJoOvN8TMdCGPkK/0/lGfjR7ndsmg683xMx0IK0Nb6fygeNHuUjGhhfTJtMgJaZS6WZpLrlm3U5DYGdXZJF/RD2j086fFxLKMas07WL8zjBoiwtSJxBCBlLIZmOxTnz9x4DCc9LUjKzWWbKaa5eR89sqga83xMx0It8nW7FfFiReFWMGiPSE6y1OIW67LzDbaA0+CpxTagkXKLZyRG9DS1IzTawVnUi1ZAHoHypnyvyMdCv05GNLegjNqIIIJBBBBGkEZwRHm7nYsEjB/DZlaUom1Bp0CxcIsyu3fJ/6Tv3zckbwqJ8mKzpNc0WmXn5dy2xvNLyhdOQ6heUm17ixzi0M8El5GHEiiYynEmo4PJBGUJ0EpuMoArasSPQYaoK0JXMp5QQXZhtHdrQjeylBPLC9udjQq+E+MWkyCVZUwh94XtLy6g6vK3lEdij6x9BjeFCUsqxRzRnTCzCaaqUwqYmFb4bbTfYmW+8hA5TpOkw9GKirIybuTeAlIUCZlYsCMlq4zkHSvxWzekxyvieoSj4UXz8x7R0XfjZdAI4Z0xwEAJZsCaixLuOqeXkBSAkHJUq5vfvAw7oqsKcm5Owpq6cppcKuWSoYfUaXydmm0t5d8m7L5va19CPCI7NGpGqrwdzmzhKG5WPLtpYPa+3xEz0IY4GZ3Ftp4Pa+3xEz0IPAwXO7aeDuvt8RM9CLcJLmcq/WlCpT8zKPKCHpqacbWi4DjS3VqSSk6QQb2IiTpxmrTVwxnKLvF2CvIKKmmlKNypCCTvkpBJjxmoio1ZRWEz0dJtwTfY9CtEZRyWlg9HVE7myfCUcy7HuKe1HmXk9WCkk4/J4TsNDKceqFWabSSEgrWgBIucwzmDJXRIuzKVtXVzVkfiWOlCfgTGPFidGLCuauj8Sx0oHy8yeLE6rFfWyCPc6M4I+UsdKCqE07kdWLI3aXrH0X/AJEv0oZ4qn0/kxtDud2l6x9F/wCRL9KBxVPpXuG0O/4O7S9X+i/8iX6UTiq/Svclod/wd2l6t9F/35fpROKr9K9yWh3/AAeunYpKwySQyDcWzzDHSjGtGrUVrW/k0pyhF3v+CQGLis6un8Qx0oW+UqG3jw7jhi4rOrp/EMdKB8pVD48O4yYxaVhaFILCQFApv7oYuL/Wi1PTVYS4rfkrKrCStcidpWqfMPHy/ShzjrfSvcw4aXd+wtpWp/MPHy/Sgcdb6V7k4aX1P2O7SlT+YeOl+lE46/0L3Jw0vqfseyRxR1RpLqA3cPJyCS+x2IsRm7L+1GU1Xk0+FcvUvF0knzz6Hl2lKl81XHS/SjTjr/Qvcoo0vqfsLaTqPzVcdL9KJ4mo+he4eGl9T9j0SOJypNOIcCCSg3sXpex/zRSb1EouPAufqWiqUXfi/BPjAOq/QJ49npRzvkK/b8jfzVPuOGAlV+gTx7PSgfIV+35J81S7kFVcT088StDIaWc5s6ypCjvlOVm9EdCi9TDlKN19xWp4MuadiEXiWr9zZpgjvH3S2LjxQ6pO2Bay7krJYqa2iUmGFMs7I6UlJEw1k2GTpN/BC1SnJ1ozS5I2hOKpyjfmyJ2l8IPomPxTcNX9DG3qTNJxMTyCFTDaXT9Gl1oN38Jyrq/ZCdeWpatTjb1bQxTVFO8pX/gtScCqkP5lNhmA2ZqwH3xyJfD9RJ3t+UPrV0VyT/A8YGVL6Ecc1+sD+m6jsvdB+cpd/wAHRgbUvoRxzX6wP6bqOy90T5yj3/A4YHVH6Ecc1+sD+majsvdB+dpd/wAERhDivnZzY8tJRsWXbJcZN8rJ03P9mHdJS1WnTSgnf1Fq9SjVabla3oRG0fM77nGS/wCsN+Lq/wDGv9jDgofW/YW0fMfOc/xy/wCsTxdX/jX+xODT/W/Y7tHzHznP8cv+sTxtX/jX+xPD0/1v2O7Rz/znf8cv+sDxtX/iX+wfD0/1v2LnL4IT6EIQGwchKU3LrVzYW3/BHHq/DtVUm5cK5+p0IayjGKV3y9B5wUqH0Q41v9YovhepTwvcL11FrP4I3qih2tlOFJ5l2PUwTUUmcR5OU2Zq9OmKkmXRIOtzM9NzYLz0ylxOWuwSQlFtCRFgEj131/V6Vx850IhBdd9f1elcfOdCIQXXfX9XpXHznQiEF131/V6Vx850IhBdd9f1elcfOdCIQXXfX9XpXHznQiEF131/V6Vx850IhBdd9f1elcfOdCIQXXfX9XpXHznQiEF131/V6Vx850IhBdd9f1elcfOdCIQXXfX9XpXHznQiEF131/V6Vx850IhBdd9f1elcfOdCIQXXfX9XpXHznQiEF131/V6Vx850IhBdd9f1elcfOdCIQXXfX9XpXHznQiEF131/V6Vx850IhBdd9f1elcfOdCIQXXfX9XpXHznQiEF131/V6Vx850IhBdd9f1elcfOdCIQXXfX9XpXHznQiEF131/V6Vx850IhBdd9f1elcfOdCIQXXfX9XpXHznQiEF131/V6Vx850IhBdd9f1elcfOdCIQXXfX9XpXHznQiEF131/V6Vx850IhBdd9f1elcfOdCIQXXfX9XpXHznQiEF131/V6Vx850IhBdd9f1elcfOdCIQXXfX9XpXHznQiEKzh4ms1dhth1FOaS04Hgpt6ZKioJUmxykaOyMQh/9k=" style="border-style:solid; border-width:0px; height:166px; width:303px" /><br />\r\nPicture Format: 16:9 Wide-Screen.<br />\r\nOther: Interactive Menus, Chapter Selection, Subtitles (more languages).</p>', 'www.bladerunner.com', 5),
(6, 1, 'The Matrix', 'Regional Code: 2 (Japan, Europe, Middle East, South Africa).\r<br />\nLanguages: English, Deutsch.\r<br />\nSubtitles: English, Deutsch.\r<br />\nAudio: Dolby Surround.\r<br />\nPicture Format: 16:9 Wide-Screen.\r<br />\nLength: (approx) 131 minutes.\r<br />\nOther: Interactive Menus, Chapter Selection, Making Of.', 'www.thematrix.com', 3),
(7, 1, 'You''ve Got Mail', 'Regional Code: 2 (Japan, Europe, Middle East, South Africa).\r<br />\nLanguages: English, Deutsch, Spanish.\r<br />\nSubtitles: English, Deutsch, Spanish, French, Nordic, Polish.\r<br />\nAudio: Dolby Digital 5.1.\r<br />\nPicture Format: 16:9 Wide-Screen.\r<br />\nLength: (approx) 115 minutes.\r<br />\nOther: Interactive Menus, Chapter Selection, Subtitles (more languages).', 'www.youvegotmail.com', 0),
(8, 1, 'A Bug''s Life', 'Regional Code: 2 (Japan, Europe, Middle East, South Africa).\r<br />\nLanguages: English, Deutsch.\r<br />\nSubtitles: English, Deutsch, Spanish.\r<br />\nAudio: Dolby Digital 5.1 / Dobly Surround Stereo.\r<br />\nPicture Format: 16:9 Wide-Screen.\r<br />\nLength: (approx) 91 minutes.\r<br />\nOther: Interactive Menus, Chapter Selection, Subtitles (more languages).', 'www.abugslife.com', 7),
(9, 1, 'Under Siege', 'Regional Code: 2 (Japan, Europe, Middle East, South Africa).\r<br />\nLanguages: English, Deutsch.\r<br />\nSubtitles: English, Deutsch, Spanish.\r<br />\nAudio: Dolby Surround 5.1.\r<br />\nPicture Format: 16:9 Wide-Screen.\r<br />\nLength: (approx) 98 minutes.\r<br />\nOther: Interactive Menus, Chapter Selection, Subtitles (more languages).', '', 2),
(10, 1, 'Under Siege 2 - Dark Territory', 'Regional Code: 2 (Japan, Europe, Middle East, South Africa).\r<br />\nLanguages: English, Deutsch.\r<br />\nSubtitles: English, Deutsch, Spanish.\r<br />\nAudio: Dolby Surround 5.1.\r<br />\nPicture Format: 16:9 Wide-Screen.\r<br />\nLength: (approx) 98 minutes.\r<br />\nOther: Interactive Menus, Chapter Selection, Subtitles (more languages).', '', 1),
(11, 1, 'Fire Down Below', 'Regional Code: 2 (Japan, Europe, Middle East, South Africa).\r<br />\nLanguages: English, Deutsch.\r<br />\nSubtitles: English, Deutsch, Spanish.\r<br />\nAudio: Dolby Surround 5.1.\r<br />\nPicture Format: 16:9 Wide-Screen.\r<br />\nLength: (approx) 100 minutes.\r<br />\nOther: Interactive Menus, Chapter Selection, Subtitles (more languages).', '', 2),
(12, 1, 'Die Hard With A Vengeance', 'Regional Code: 2 (Japan, Europe, Middle East, South Africa).\r\n<br />\r\nLanguages: English, Deutsch.\r\n<br />\r\nSubtitles: English, Deutsch, Spanish.\r\n<br />\r\nAudio: Dolby Surround 5.1.\r\n<br />\r\nPicture Format: 16:9 Wide-Screen.\r\n<br />\r\nLength: (approx) 122 minutes.\r\n<br />\r\nOther: Interactive Menus, Chapter Selection, Subtitles (more languages).', '', 8),
(13, 1, 'Lethal Weapon', 'Regional Code: 2 (Japan, Europe, Middle East, South Africa).\r<br />\nLanguages: English, Deutsch.\r<br />\nSubtitles: English, Deutsch, Spanish.\r<br />\nAudio: Dolby Surround 5.1.\r<br />\nPicture Format: 16:9 Wide-Screen.\r<br />\nLength: (approx) 100 minutes.\r<br />\nOther: Interactive Menus, Chapter Selection, Subtitles (more languages).', '', 0),
(14, 1, 'Red Corner', 'Regional Code: 2 (Japan, Europe, Middle East, South Africa).\r<br />\nLanguages: English, Deutsch.\r<br />\nSubtitles: English, Deutsch, Spanish.\r<br />\nAudio: Dolby Surround 5.1.\r<br />\nPicture Format: 16:9 Wide-Screen.\r<br />\nLength: (approx) 117 minutes.\r<br />\nOther: Interactive Menus, Chapter Selection, Subtitles (more languages).', '', 1),
(15, 1, 'Frantic', 'Regional Code: 2 (Japan, Europe, Middle East, South Africa).\r<br />\nLanguages: English, Deutsch.\r<br />\nSubtitles: English, Deutsch, Spanish.\r<br />\nAudio: Dolby Surround 5.1.\r<br />\nPicture Format: 16:9 Wide-Screen.\r<br />\nLength: (approx) 115 minutes.\r<br />\nOther: Interactive Menus, Chapter Selection, Subtitles (more languages).', '', 0),
(16, 1, 'Courage Under Fire', 'Regional Code: 2 (Japan, Europe, Middle East, South Africa).\r<br />\nLanguages: English, Deutsch.\r<br />\nSubtitles: English, Deutsch, Spanish.\r<br />\nAudio: Dolby Surround 5.1.\r<br />\nPicture Format: 16:9 Wide-Screen.\r<br />\nLength: (approx) 112 minutes.\r<br />\nOther: Interactive Menus, Chapter Selection, Subtitles (more languages).', '', 0),
(17, 1, 'Speed', 'Regional Code: 2 (Japan, Europe, Middle East, South Africa).\r<br />\nLanguages: English, Deutsch.\r<br />\nSubtitles: English, Deutsch, Spanish.\r<br />\nAudio: Dolby Surround 5.1.\r<br />\nPicture Format: 16:9 Wide-Screen.\r<br />\nLength: (approx) 112 minutes.\r<br />\nOther: Interactive Menus, Chapter Selection, Subtitles (more languages).', '', 0),
(18, 1, 'Speed 2: Cruise Control', 'Regional Code: 2 (Japan, Europe, Middle East, South Africa).\r<br />\nLanguages: English, Deutsch.\r<br />\nSubtitles: English, Deutsch, Spanish.\r<br />\nAudio: Dolby Surround 5.1.\r<br />\nPicture Format: 16:9 Wide-Screen.\r<br />\nLength: (approx) 120 minutes.\r<br />\nOther: Interactive Menus, Chapter Selection, Subtitles (more languages).', '', 2),
(19, 1, 'There''s Something About Mary', 'Regional Code: 2 (Japan, Europe, Middle East, South Africa).\r<br />\nLanguages: English, Deutsch.\r<br />\nSubtitles: English, Deutsch, Spanish.\r<br />\nAudio: Dolby Surround 5.1.\r<br />\nPicture Format: 16:9 Wide-Screen.\r<br />\nLength: (approx) 114 minutes.\r<br />\nOther: Interactive Menus, Chapter Selection, Subtitles (more languages).', '', 14),
(20, 1, 'Beloved', 'Regional Code: 2 (Japan, Europe, Middle East, South Africa).\r<br />\nLanguages: English, Deutsch.\r<br />\nSubtitles: English, Deutsch, Spanish.\r<br />\nAudio: Dolby Surround 5.1.\r<br />\nPicture Format: 16:9 Wide-Screen.\r<br />\nLength: (approx) 164 minutes.\r<br />\nOther: Interactive Menus, Chapter Selection, Subtitles (more languages).', '', 13),
(21, 1, 'SWAT 3: Close Quarters Battle', '<p><strong>Windows 95/98</strong></p>\r\n\r\n<p><br />\r\n211 in progress with shots fired. Officer down. Armed suspects with hostages. Respond Code 3! Los Angles, 2005, In the next seven days, representatives from every nation around the world will converge on Las Angles to witness the signing of the United Nations Nuclear Abolishment Treaty. The protection of these dignitaries falls on the shoulders of one organization, LAPD SWAT. As part of this elite tactical organization, you and your team have the weapons and all the training necessary to protect, to serve, and &quot;When needed&quot; to use deadly force to keep the peace. It takes more than weapons to make it through each mission. Your arsenal includes C2 charges, flashbangs, tactical grenades. opti-Wand mini-video cameras, and other devices critical to meeting your objectives and keeping your men free of injury. Uncompromised Duty, Honor and Valor!</p>', 'www.swat3.com', 15),
(22, 1, 'Unreal Tournament', 'From the creators of the best-selling Unreal, comes Unreal Tournament. A new kind of single player experience. A ruthless multiplayer revolution.<br /><br />This stand-alone game showcases completely new team-based gameplay, groundbreaking multi-faceted single player action or dynamic multi-player mayhem. It''s a fight to the finish for the title of Unreal Grand Master in the gladiatorial arena. A single player experience like no other! Guide your team of ''bots'' (virtual teamates) against the hardest criminals in the galaxy for the ultimate title - the Unreal Grand Master.', 'www.unrealtournament.net', 28),
(23, 1, 'The Wheel Of Time', 'The world in which The Wheel of Time takes place is lifted directly out of Jordan''s pages; it''s huge and consists of many different environments. How you navigate the world will depend largely on which game - single player or multipayer - you''re playing. The single player experience, with a few exceptions, will see Elayna traversing the world mainly by foot (with a couple notable exceptions). In the multiplayer experience, your character will have more access to travel via Ter''angreal, Portal Stones, and the Ways. However you move around, though, you''ll quickly discover that means of locomotion can easily become the least of the your worries...<br /><br />During your travels, you quickly discover that four locations are crucial to your success in the game. Not surprisingly, these locations are the homes of The Wheel of Time''s main characters. Some of these places are ripped directly from the pages of Jordan''s books, made flesh with Legend''s unparalleled pixel-pushing ways. Other places are specific to the game, conceived and executed with the intent of expanding this game world even further. Either way, they provide a backdrop for some of the most intense first person action and strategy you''ll have this year.', 'www.wheeloftime.com', 37),
(24, 1, 'Disciples: Sacred Lands', 'A new age is dawning...<br /><br />Enter the realm of the Sacred Lands, where the dawn of a New Age has set in motion the most momentous of wars. As the prophecies long foretold, four races now clash with swords and sorcery in a desperate bid to control the destiny of their gods. Take on the quest as a champion of the Empire, the Mountain Clans, the Legions of the Damned, or the Undead Hordes and test your faith in battles of brute force, spellbinding magic and acts of guile. Slay demons, vanquish giants and combat merciless forces of the dead and undead. But to ensure the salvation of your god, the hero within must evolve.<br /><br />The day of reckoning has come... and only the chosen will survive.', '', 11),
(25, 1, 'Microsoft Internet Keyboard PS/2', 'The Internet Keyboard has 10 Hot Keys on a comfortable standard keyboard design that also includes a detachable palm rest. The Hot Keys allow you to browse the web, or check e-mail directly from your keyboard. The IntelliType Pro software also allows you to customize your hot keys - make the Internet Keyboard work the way you want it to!', '', 20),
(26, 1, 'Microsoft IntelliMouse Explorer', 'Microsoft introduces its most advanced mouse, the IntelliMouse Explorer! IntelliMouse Explorer features a sleek design, an industrial-silver finish, a glowing red underside and taillight, creating a style and look unlike any other mouse. IntelliMouse Explorer combines the accuracy and reliability of Microsoft IntelliEye optical tracking technology, the convenience of two new customizable function buttons, the efficiency of the scrolling wheel and the comfort of expert ergonomic design. All these great features make this the best mouse for the PC!', 'www.microsoft.com/hardware/mouse/explorer.asp', 25),
(27, 1, 'Hewlett Packard LaserJet 1100Xi', 'HP has always set the pace in laser printing technology. The new generation HP LaserJet 1100 series sets another impressive pace, delivering a stunning 8 pages per minute print speed. The 600 dpi print resolution with HP''s Resolution Enhancement technology (REt) makes every document more professional.<br /><br />Enhanced print speed and laser quality results are just the beginning. With 2MB standard memory, HP LaserJet 1100xi users will be able to print increasingly complex pages. Memory can be increased to 18MB to tackle even more complex documents with ease. The HP LaserJet 1100xi supports key operating systems including Windows 3.1, 3.11, 95, 98, NT 4.0, OS/2 and DOS. Network compatibility available via the optional HP JetDirect External Print Servers.<br /><br />HP LaserJet 1100xi also features The Document Builder for the Web Era from Trellix Corp. (featuring software to create Web documents).', 'www.pandi.hp.com/pandi-db/prodinfo.main?product=laserjet1100', 1),
(28, 1, 'Samsung Galaxy Tab', '<p>      World Cup             </p>\r\n', 'http://galaxytab.samsungmobile.com', 68);

-- --------------------------------------------------------

--
-- Table structure for table `products_images`
--

CREATE TABLE IF NOT EXISTS `products_images` (
`id` int(11) NOT NULL,
  `products_id` int(11) NOT NULL,
  `image` varchar(64) COLLATE utf8_unicode_ci DEFAULT NULL,
  `htmlcontent` text COLLATE utf8_unicode_ci,
  `sort_order` int(11) NOT NULL
) ENGINE=InnoDB AUTO_INCREMENT=17 DEFAULT CHARSET=utf8 COLLATE=utf8_unicode_ci;

--
-- Dumping data for table `products_images`
--

INSERT INTO `products_images` (`id`, `products_id`, `image`, `htmlcontent`, `sort_order`) VALUES
(1, 28, 'samsung/galaxy_tab_1.jpg', '', 3),
(2, 28, 'samsung/galaxy_tab_2.jpg', '', 2),
(3, 28, 'samsung/galaxy_tab_3.jpg', '', 4),
(4, 28, 'samsung/galaxy_tab_4.jpg', '_iframe width="560" height="315" src="http://www.youtube.com/embed/tAbsmHMAhrQ" frameborder="0" allowfullscreen__/iframe_', 1),
(5, 17, 'dvd/speed_large.jpg', NULL, 1),
(6, 12, 'audio (1).jpg', '', 1),
(7, 11, 'dvd/fire_down_below_large.jpg', NULL, 1),
(8, 13, 'dvd/lethal_weapon_large.jpg', NULL, 1),
(9, 18, 'dvd/speed_2_large.jpg', NULL, 1),
(10, 6, 'dvd/the_matrix_large.jpg', NULL, 1),
(11, 4, 'dvd/replacement_killers_large.jpg', NULL, 1),
(12, 9, 'dvd/under_siege_large.jpg', NULL, 1),
(14, 23, 'audio.jpg', '', 1),
(15, 12, 'Gold-PHONE-6-Plus-BW-OC.png', '', 2),
(16, 12, 'Herp-Derp.jpg', '', 3);

-- --------------------------------------------------------

--
-- Table structure for table `products_notifications`
--

CREATE TABLE IF NOT EXISTS `products_notifications` (
  `products_id` int(11) NOT NULL,
  `customers_id` int(11) NOT NULL,
  `date_added` datetime NOT NULL
) ENGINE=InnoDB DEFAULT CHARSET=utf8 COLLATE=utf8_unicode_ci;

-- --------------------------------------------------------

--
-- Table structure for table `products_options`
--

CREATE TABLE IF NOT EXISTS `products_options` (
  `products_options_id` int(11) NOT NULL DEFAULT '0',
  `language_id` int(11) NOT NULL DEFAULT '1',
  `products_options_name` varchar(32) COLLATE utf8_unicode_ci NOT NULL DEFAULT ''
) ENGINE=InnoDB DEFAULT CHARSET=utf8 COLLATE=utf8_unicode_ci;

--
-- Dumping data for table `products_options`
--

INSERT INTO `products_options` (`products_options_id`, `language_id`, `products_options_name`) VALUES
(1, 1, 'Color'),
(2, 1, 'Size'),
(3, 1, 'Model'),
(4, 1, 'Memory'),
(5, 1, 'Version');

-- --------------------------------------------------------

--
-- Table structure for table `products_options_values`
--

CREATE TABLE IF NOT EXISTS `products_options_values` (
  `products_options_values_id` int(11) NOT NULL DEFAULT '0',
  `language_id` int(11) NOT NULL DEFAULT '1',
  `products_options_values_name` varchar(64) COLLATE utf8_unicode_ci NOT NULL DEFAULT ''
) ENGINE=InnoDB DEFAULT CHARSET=utf8 COLLATE=utf8_unicode_ci;

--
-- Dumping data for table `products_options_values`
--

INSERT INTO `products_options_values` (`products_options_values_id`, `language_id`, `products_options_values_name`) VALUES
(1, 1, '4 mb'),
(2, 1, '8 mb'),
(3, 1, '16 mb'),
(4, 1, '32 mb'),
(5, 1, 'Value'),
(6, 1, 'Premium'),
(7, 1, 'Deluxe'),
(8, 1, 'PS/2'),
(9, 1, 'USB'),
(10, 1, 'Download: Windows - English'),
(13, 1, 'Box: Windows - English'),
(14, 1, 'blue');

-- --------------------------------------------------------

--
-- Table structure for table `products_options_values_to_products_options`
--

CREATE TABLE IF NOT EXISTS `products_options_values_to_products_options` (
`products_options_values_to_products_options_id` int(11) NOT NULL,
  `products_options_id` int(11) NOT NULL,
  `products_options_values_id` int(11) NOT NULL
) ENGINE=InnoDB AUTO_INCREMENT=15 DEFAULT CHARSET=utf8 COLLATE=utf8_unicode_ci;

--
-- Dumping data for table `products_options_values_to_products_options`
--

INSERT INTO `products_options_values_to_products_options` (`products_options_values_to_products_options_id`, `products_options_id`, `products_options_values_id`) VALUES
(1, 4, 1),
(2, 4, 2),
(3, 4, 3),
(4, 4, 4),
(5, 3, 5),
(6, 3, 6),
(7, 3, 7),
(8, 3, 8),
(9, 3, 9),
(10, 5, 10),
(13, 5, 13),
(14, 1, 14);

-- --------------------------------------------------------

--
-- Table structure for table `products_to_categories`
--

CREATE TABLE IF NOT EXISTS `products_to_categories` (
  `products_id` int(11) NOT NULL,
  `categories_id` int(11) NOT NULL
) ENGINE=InnoDB DEFAULT CHARSET=utf8 COLLATE=utf8_unicode_ci;

--
-- Dumping data for table `products_to_categories`
--

INSERT INTO `products_to_categories` (`products_id`, `categories_id`) VALUES
(1, 4),
(2, 4),
(3, 9),
(4, 10),
(5, 11),
(6, 10),
(7, 12),
(8, 13),
(9, 10),
(10, 10),
(11, 10),
(12, 10),
(13, 10),
(14, 15),
(15, 14),
(16, 15),
(17, 10),
(18, 10),
(19, 12),
(20, 15),
(21, 18),
(22, 19),
(23, 20),
(24, 20),
(25, 8),
(26, 9),
(27, 5),
(28, 21);

-- --------------------------------------------------------

--
-- Table structure for table `reviews`
--

CREATE TABLE IF NOT EXISTS `reviews` (
`reviews_id` int(11) NOT NULL,
  `products_id` int(11) NOT NULL,
  `customers_id` int(11) DEFAULT NULL,
  `customers_name` varchar(255) COLLATE utf8_unicode_ci NOT NULL,
  `reviews_rating` int(1) DEFAULT NULL,
  `date_added` datetime DEFAULT NULL,
  `last_modified` datetime DEFAULT NULL,
  `reviews_status` tinyint(1) NOT NULL DEFAULT '0',
  `reviews_read` int(5) NOT NULL DEFAULT '0'
) ENGINE=InnoDB AUTO_INCREMENT=3 DEFAULT CHARSET=utf8 COLLATE=utf8_unicode_ci;

--
-- Dumping data for table `reviews`
--

INSERT INTO `reviews` (`reviews_id`, `products_id`, `customers_id`, `customers_name`, `reviews_rating`, `date_added`, `last_modified`, `reviews_status`, `reviews_read`) VALUES
(1, 19, 0, 'John Doe', 5, '2015-02-26 16:56:41', NULL, 1, 0),
(2, 19, 1, 'test test', 5, '2015-02-27 15:06:01', NULL, 0, 0);

-- --------------------------------------------------------

--
-- Table structure for table `reviews_description`
--

CREATE TABLE IF NOT EXISTS `reviews_description` (
  `reviews_id` int(11) NOT NULL,
  `languages_id` int(11) NOT NULL,
  `reviews_text` text COLLATE utf8_unicode_ci NOT NULL
) ENGINE=InnoDB DEFAULT CHARSET=utf8 COLLATE=utf8_unicode_ci;

--
-- Dumping data for table `reviews_description`
--

INSERT INTO `reviews_description` (`reviews_id`, `languages_id`, `reviews_text`) VALUES
(1, 1, 'This has to be one of the funniest movies released for 1999!'),
(2, 1, 'test test tettest tests st sets tawsdtw tests et te es ttst se set estes tstse tsesetsetsts ts test stse tst st st set set t');

-- --------------------------------------------------------

--
-- Table structure for table `sagepay_server_securitykeys`
--

CREATE TABLE IF NOT EXISTS `sagepay_server_securitykeys` (
`id` int(11) NOT NULL,
  `code` char(16) NOT NULL,
  `securitykey` char(10) NOT NULL,
  `date_added` datetime NOT NULL,
  `verified` char(1) DEFAULT '0',
  `transaction_details` text
) ENGINE=InnoDB DEFAULT CHARSET=latin1;

-- --------------------------------------------------------

--
-- Table structure for table `sec_directory_whitelist`
--

CREATE TABLE IF NOT EXISTS `sec_directory_whitelist` (
`id` int(11) NOT NULL,
  `directory` varchar(255) COLLATE utf8_unicode_ci NOT NULL
) ENGINE=InnoDB AUTO_INCREMENT=14 DEFAULT CHARSET=utf8 COLLATE=utf8_unicode_ci;

--
-- Dumping data for table `sec_directory_whitelist`
--

INSERT INTO `sec_directory_whitelist` (`id`, `directory`) VALUES
(1, 'admin/backups'),
(2, 'admin/images/graphs'),
(3, 'images'),
(4, 'images/banners'),
(5, 'images/dvd'),
(6, 'images/gt_interactive'),
(7, 'images/hewlett_packard'),
(8, 'images/matrox'),
(9, 'images/microsoft'),
(10, 'images/samsung'),
(11, 'images/sierra'),
(12, 'includes/work'),
(13, 'pub');

-- --------------------------------------------------------

--
-- Table structure for table `sessions`
--

CREATE TABLE IF NOT EXISTS `sessions` (
  `sesskey` varchar(128) COLLATE utf8_unicode_ci NOT NULL,
  `expiry` int(11) unsigned NOT NULL,
  `value` text COLLATE utf8_unicode_ci NOT NULL
) ENGINE=InnoDB DEFAULT CHARSET=utf8 COLLATE=utf8_unicode_ci;

--
-- Dumping data for table `sessions`
--

INSERT INTO `sessions` (`sesskey`, `expiry`, `value`) VALUES
('htr3flluabq4o3qrssdjta86k3', 1434948626, 'language|s:7:"english";languages_id|s:1:"1";admin|a:2:{s:2:"id";s:1:"1";s:8:"username";s:5:"admin";}new_products_id_in_cart|s:9:"2{4}3{3}6";'),
('ldbct456857euruuc9ap99r7m0', 1434947489, 'sessiontoken|s:32:"2d951ca36e2aacb7f395b6c70008c42a";cart|O:12:"shoppingCart":5:{s:8:"contents";a:1:{s:9:"2{4}3{3}6";a:2:{s:3:"qty";i:13;s:10:"attributes";a:2:{i:4;s:1:"3";i:3;s:1:"6";}}}s:5:"total";d:6369.8699999999999;s:6:"weight";d:299;s:6:"cartID";s:5:"98880";s:12:"content_type";s:8:"physical";}language|s:7:"english";languages_id|s:1:"1";currency|s:3:"USD";navigation|O:17:"navigationHistory":2:{s:4:"path";a:2:{i:0;a:4:{s:4:"page";s:9:"index.php";s:4:"mode";s:6:"NONSSL";s:3:"get";a:2:{s:5:"cPath";s:4:"3_13";s:4:"sort";s:2:"3a";}s:4:"post";a:0:{}}i:1;a:4:{s:4:"page";s:16:"product_info.php";s:4:"mode";s:6:"NONSSL";s:3:"get";a:1:{s:11:"products_id";s:2:"28";}s:4:"post";a:0:{}}}s:8:"snapshot";a:0:{}}new_products_id_in_cart|i:2;customer_id|i:1;customer_default_address_id|s:1:"1";customer_first_name|s:4:"test";customer_country_id|s:2:"12";customer_zone_id|s:1:"0";sendto|s:1:"1";cartID|s:5:"98880";comments|N;billto|s:1:"1";');

-- --------------------------------------------------------

--
-- Table structure for table `specials`
--

CREATE TABLE IF NOT EXISTS `specials` (
`specials_id` int(11) NOT NULL,
  `products_id` int(11) NOT NULL,
  `specials_new_products_price` decimal(15,4) NOT NULL,
  `specials_date_added` datetime DEFAULT NULL,
  `specials_last_modified` datetime DEFAULT NULL,
  `expires_date` datetime DEFAULT NULL,
  `date_status_change` datetime DEFAULT NULL,
  `status` int(1) NOT NULL DEFAULT '1'
) ENGINE=InnoDB AUTO_INCREMENT=5 DEFAULT CHARSET=utf8 COLLATE=utf8_unicode_ci;

--
-- Dumping data for table `specials`
--

INSERT INTO `specials` (`specials_id`, `products_id`, `specials_new_products_price`, `specials_date_added`, `specials_last_modified`, `expires_date`, `date_status_change`, `status`) VALUES
(1, 3, 39.9900, '2015-02-26 16:56:41', NULL, NULL, NULL, 1),
(2, 5, 30.0000, '2015-02-26 16:56:41', NULL, NULL, NULL, 1),
(3, 6, 30.0000, '2015-02-26 16:56:42', NULL, NULL, NULL, 1),
(4, 16, 29.9900, '2015-02-26 16:56:42', NULL, NULL, NULL, 1);

-- --------------------------------------------------------

--
-- Table structure for table `tax_class`
--

CREATE TABLE IF NOT EXISTS `tax_class` (
`tax_class_id` int(11) NOT NULL,
  `tax_class_title` varchar(32) COLLATE utf8_unicode_ci NOT NULL,
  `tax_class_description` varchar(255) COLLATE utf8_unicode_ci NOT NULL,
  `last_modified` datetime DEFAULT NULL,
  `date_added` datetime NOT NULL
) ENGINE=InnoDB AUTO_INCREMENT=2 DEFAULT CHARSET=utf8 COLLATE=utf8_unicode_ci;

--
-- Dumping data for table `tax_class`
--

INSERT INTO `tax_class` (`tax_class_id`, `tax_class_title`, `tax_class_description`, `last_modified`, `date_added`) VALUES
(1, 'Taxable Goods', 'The following types of products are included non-food, services, etc', '2015-02-26 16:56:42', '2015-02-26 16:56:42');

-- --------------------------------------------------------

--
-- Table structure for table `tax_rates`
--

CREATE TABLE IF NOT EXISTS `tax_rates` (
`tax_rates_id` int(11) NOT NULL,
  `tax_zone_id` int(11) NOT NULL,
  `tax_class_id` int(11) NOT NULL,
  `tax_priority` int(5) DEFAULT '1',
  `tax_rate` decimal(7,4) NOT NULL,
  `tax_description` varchar(255) COLLATE utf8_unicode_ci NOT NULL,
  `last_modified` datetime DEFAULT NULL,
  `date_added` datetime NOT NULL
) ENGINE=InnoDB AUTO_INCREMENT=2 DEFAULT CHARSET=utf8 COLLATE=utf8_unicode_ci;

--
-- Dumping data for table `tax_rates`
--

INSERT INTO `tax_rates` (`tax_rates_id`, `tax_zone_id`, `tax_class_id`, `tax_priority`, `tax_rate`, `tax_description`, `last_modified`, `date_added`) VALUES
(1, 1, 1, 1, 7.0000, 'FL TAX 7.0%', '2015-02-26 16:56:42', '2015-02-26 16:56:42');

-- --------------------------------------------------------

--
-- Table structure for table `whos_online`
--

CREATE TABLE IF NOT EXISTS `whos_online` (
  `customer_id` int(11) DEFAULT NULL,
  `full_name` varchar(255) COLLATE utf8_unicode_ci NOT NULL,
  `session_id` varchar(128) COLLATE utf8_unicode_ci NOT NULL,
  `ip_address` varchar(15) COLLATE utf8_unicode_ci NOT NULL,
  `time_entry` varchar(14) COLLATE utf8_unicode_ci NOT NULL,
  `time_last_click` varchar(14) COLLATE utf8_unicode_ci NOT NULL,
  `last_page_url` text COLLATE utf8_unicode_ci NOT NULL
) ENGINE=InnoDB DEFAULT CHARSET=utf8 COLLATE=utf8_unicode_ci;

--
-- Dumping data for table `whos_online`
--

INSERT INTO `whos_online` (`customer_id`, `full_name`, `session_id`, `ip_address`, `time_entry`, `time_last_click`, `last_page_url`) VALUES
(1, 'test test', 'ldbct456857euruuc9ap99r7m0', '127.0.0.1', '1434945176', '1434947489', '/osCommerce/gadgets-samsung-galaxy-p-28.html');

-- --------------------------------------------------------

--
-- Table structure for table `zones`
--

CREATE TABLE IF NOT EXISTS `zones` (
`zone_id` int(11) NOT NULL,
  `zone_country_id` int(11) NOT NULL,
  `zone_code` varchar(32) COLLATE utf8_unicode_ci NOT NULL,
  `zone_name` varchar(255) COLLATE utf8_unicode_ci NOT NULL
) ENGINE=InnoDB AUTO_INCREMENT=182 DEFAULT CHARSET=utf8 COLLATE=utf8_unicode_ci;

--
-- Dumping data for table `zones`
--

INSERT INTO `zones` (`zone_id`, `zone_country_id`, `zone_code`, `zone_name`) VALUES
(1, 223, 'AL', 'Alabama'),
(2, 223, 'AK', 'Alaska'),
(3, 223, 'AS', 'American Samoa'),
(4, 223, 'AZ', 'Arizona'),
(5, 223, 'AR', 'Arkansas'),
(6, 223, 'AF', 'Armed Forces Africa'),
(7, 223, 'AA', 'Armed Forces Americas'),
(8, 223, 'AC', 'Armed Forces Canada'),
(9, 223, 'AE', 'Armed Forces Europe'),
(10, 223, 'AM', 'Armed Forces Middle East'),
(11, 223, 'AP', 'Armed Forces Pacific'),
(12, 223, 'CA', 'California'),
(13, 223, 'CO', 'Colorado'),
(14, 223, 'CT', 'Connecticut'),
(15, 223, 'DE', 'Delaware'),
(16, 223, 'DC', 'District of Columbia'),
(17, 223, 'FM', 'Federated States Of Micronesia'),
(18, 223, 'FL', 'Florida'),
(19, 223, 'GA', 'Georgia'),
(20, 223, 'GU', 'Guam'),
(21, 223, 'HI', 'Hawaii'),
(22, 223, 'ID', 'Idaho'),
(23, 223, 'IL', 'Illinois'),
(24, 223, 'IN', 'Indiana'),
(25, 223, 'IA', 'Iowa'),
(26, 223, 'KS', 'Kansas'),
(27, 223, 'KY', 'Kentucky'),
(28, 223, 'LA', 'Louisiana'),
(29, 223, 'ME', 'Maine'),
(30, 223, 'MH', 'Marshall Islands'),
(31, 223, 'MD', 'Maryland'),
(32, 223, 'MA', 'Massachusetts'),
(33, 223, 'MI', 'Michigan'),
(34, 223, 'MN', 'Minnesota'),
(35, 223, 'MS', 'Mississippi'),
(36, 223, 'MO', 'Missouri'),
(37, 223, 'MT', 'Montana'),
(38, 223, 'NE', 'Nebraska'),
(39, 223, 'NV', 'Nevada'),
(40, 223, 'NH', 'New Hampshire'),
(41, 223, 'NJ', 'New Jersey'),
(42, 223, 'NM', 'New Mexico'),
(43, 223, 'NY', 'New York'),
(44, 223, 'NC', 'North Carolina'),
(45, 223, 'ND', 'North Dakota'),
(46, 223, 'MP', 'Northern Mariana Islands'),
(47, 223, 'OH', 'Ohio'),
(48, 223, 'OK', 'Oklahoma'),
(49, 223, 'OR', 'Oregon'),
(50, 223, 'PW', 'Palau'),
(51, 223, 'PA', 'Pennsylvania'),
(52, 223, 'PR', 'Puerto Rico'),
(53, 223, 'RI', 'Rhode Island'),
(54, 223, 'SC', 'South Carolina'),
(55, 223, 'SD', 'South Dakota'),
(56, 223, 'TN', 'Tennessee'),
(57, 223, 'TX', 'Texas'),
(58, 223, 'UT', 'Utah'),
(59, 223, 'VT', 'Vermont'),
(60, 223, 'VI', 'Virgin Islands'),
(61, 223, 'VA', 'Virginia'),
(62, 223, 'WA', 'Washington'),
(63, 223, 'WV', 'West Virginia'),
(64, 223, 'WI', 'Wisconsin'),
(65, 223, 'WY', 'Wyoming'),
(66, 38, 'AB', 'Alberta'),
(67, 38, 'BC', 'British Columbia'),
(68, 38, 'MB', 'Manitoba'),
(69, 38, 'NF', 'Newfoundland'),
(70, 38, 'NB', 'New Brunswick'),
(71, 38, 'NS', 'Nova Scotia'),
(72, 38, 'NT', 'Northwest Territories'),
(73, 38, 'NU', 'Nunavut'),
(74, 38, 'ON', 'Ontario'),
(75, 38, 'PE', 'Prince Edward Island'),
(76, 38, 'QC', 'Quebec'),
(77, 38, 'SK', 'Saskatchewan'),
(78, 38, 'YT', 'Yukon Territory'),
(79, 81, 'NDS', 'Niedersachsen'),
(80, 81, 'BAW', 'Baden-Wrttemberg'),
(81, 81, 'BAY', 'Bayern'),
(82, 81, 'BER', 'Berlin'),
(83, 81, 'BRG', 'Brandenburg'),
(84, 81, 'BRE', 'Bremen'),
(85, 81, 'HAM', 'Hamburg'),
(86, 81, 'HES', 'Hessen'),
(87, 81, 'MEC', 'Mecklenburg-Vorpommern'),
(88, 81, 'NRW', 'Nordrhein-Westfalen'),
(89, 81, 'RHE', 'Rheinland-Pfalz'),
(90, 81, 'SAR', 'Saarland'),
(91, 81, 'SAS', 'Sachsen'),
(92, 81, 'SAC', 'Sachsen-Anhalt'),
(93, 81, 'SCN', 'Schleswig-Holstein'),
(94, 81, 'THE', 'Thringen'),
(95, 14, 'WI', 'Wien'),
(96, 14, 'NO', 'Niedersterreich'),
(97, 14, 'OO', 'Obersterreich'),
(98, 14, 'SB', 'Salzburg'),
(99, 14, 'KN', 'Krnten'),
(100, 14, 'ST', 'Steiermark'),
(101, 14, 'TI', 'Tirol'),
(102, 14, 'BL', 'Burgenland'),
(103, 14, 'VB', 'Voralberg'),
(104, 204, 'AG', 'Aargau'),
(105, 204, 'AI', 'Appenzell Innerrhoden'),
(106, 204, 'AR', 'Appenzell Ausserrhoden'),
(107, 204, 'BE', 'Bern'),
(108, 204, 'BL', 'Basel-Landschaft'),
(109, 204, 'BS', 'Basel-Stadt'),
(110, 204, 'FR', 'Freiburg'),
(111, 204, 'GE', 'Genf'),
(112, 204, 'GL', 'Glarus'),
(113, 204, 'JU', 'Graubnden'),
(114, 204, 'JU', 'Jura'),
(115, 204, 'LU', 'Luzern'),
(116, 204, 'NE', 'Neuenburg'),
(117, 204, 'NW', 'Nidwalden'),
(118, 204, 'OW', 'Obwalden'),
(119, 204, 'SG', 'St. Gallen'),
(120, 204, 'SH', 'Schaffhausen'),
(121, 204, 'SO', 'Solothurn'),
(122, 204, 'SZ', 'Schwyz'),
(123, 204, 'TG', 'Thurgau'),
(124, 204, 'TI', 'Tessin'),
(125, 204, 'UR', 'Uri'),
(126, 204, 'VD', 'Waadt'),
(127, 204, 'VS', 'Wallis'),
(128, 204, 'ZG', 'Zug'),
(129, 204, 'ZH', 'Zrich'),
(130, 195, 'A Corua', 'A Corua'),
(131, 195, 'Alava', 'Alava'),
(132, 195, 'Albacete', 'Albacete'),
(133, 195, 'Alicante', 'Alicante'),
(134, 195, 'Almeria', 'Almeria'),
(135, 195, 'Asturias', 'Asturias'),
(136, 195, 'Avila', 'Avila'),
(137, 195, 'Badajoz', 'Badajoz'),
(138, 195, 'Baleares', 'Baleares'),
(139, 195, 'Barcelona', 'Barcelona'),
(140, 195, 'Burgos', 'Burgos'),
(141, 195, 'Caceres', 'Caceres'),
(142, 195, 'Cadiz', 'Cadiz'),
(143, 195, 'Cantabria', 'Cantabria'),
(144, 195, 'Castellon', 'Castellon'),
(145, 195, 'Ceuta', 'Ceuta'),
(146, 195, 'Ciudad Real', 'Ciudad Real'),
(147, 195, 'Cordoba', 'Cordoba'),
(148, 195, 'Cuenca', 'Cuenca'),
(149, 195, 'Girona', 'Girona'),
(150, 195, 'Granada', 'Granada'),
(151, 195, 'Guadalajara', 'Guadalajara'),
(152, 195, 'Guipuzcoa', 'Guipuzcoa'),
(153, 195, 'Huelva', 'Huelva'),
(154, 195, 'Huesca', 'Huesca'),
(155, 195, 'Jaen', 'Jaen'),
(156, 195, 'La Rioja', 'La Rioja'),
(157, 195, 'Las Palmas', 'Las Palmas'),
(158, 195, 'Leon', 'Leon'),
(159, 195, 'Lleida', 'Lleida'),
(160, 195, 'Lugo', 'Lugo'),
(161, 195, 'Madrid', 'Madrid'),
(162, 195, 'Malaga', 'Malaga'),
(163, 195, 'Melilla', 'Melilla'),
(164, 195, 'Murcia', 'Murcia'),
(165, 195, 'Navarra', 'Navarra'),
(166, 195, 'Ourense', 'Ourense'),
(167, 195, 'Palencia', 'Palencia'),
(168, 195, 'Pontevedra', 'Pontevedra'),
(169, 195, 'Salamanca', 'Salamanca'),
(170, 195, 'Santa Cruz de Tenerife', 'Santa Cruz de Tenerife'),
(171, 195, 'Segovia', 'Segovia'),
(172, 195, 'Sevilla', 'Sevilla'),
(173, 195, 'Soria', 'Soria'),
(174, 195, 'Tarragona', 'Tarragona'),
(175, 195, 'Teruel', 'Teruel'),
(176, 195, 'Toledo', 'Toledo'),
(177, 195, 'Valencia', 'Valencia'),
(178, 195, 'Valladolid', 'Valladolid'),
(179, 195, 'Vizcaya', 'Vizcaya'),
(180, 195, 'Zamora', 'Zamora'),
(181, 195, 'Zaragoza', 'Zaragoza');

-- --------------------------------------------------------

--
-- Table structure for table `zones_to_geo_zones`
--

CREATE TABLE IF NOT EXISTS `zones_to_geo_zones` (
`association_id` int(11) NOT NULL,
  `zone_country_id` int(11) NOT NULL,
  `zone_id` int(11) DEFAULT NULL,
  `geo_zone_id` int(11) DEFAULT NULL,
  `last_modified` datetime DEFAULT NULL,
  `date_added` datetime NOT NULL
) ENGINE=InnoDB AUTO_INCREMENT=2 DEFAULT CHARSET=utf8 COLLATE=utf8_unicode_ci;

--
-- Dumping data for table `zones_to_geo_zones`
--

INSERT INTO `zones_to_geo_zones` (`association_id`, `zone_country_id`, `zone_id`, `geo_zone_id`, `last_modified`, `date_added`) VALUES
(1, 223, 18, 1, NULL, '2015-02-26 16:56:42');

--
-- Indexes for dumped tables
--

--
-- Indexes for table `action_recorder`
--
ALTER TABLE `action_recorder`
 ADD PRIMARY KEY (`id`), ADD KEY `idx_action_recorder_module` (`module`), ADD KEY `idx_action_recorder_user_id` (`user_id`), ADD KEY `idx_action_recorder_identifier` (`identifier`), ADD KEY `idx_action_recorder_date_added` (`date_added`);

--
-- Indexes for table `address_book`
--
ALTER TABLE `address_book`
 ADD PRIMARY KEY (`address_book_id`), ADD KEY `idx_address_book_customers_id` (`customers_id`);

--
-- Indexes for table `address_format`
--
ALTER TABLE `address_format`
 ADD PRIMARY KEY (`address_format_id`);

--
-- Indexes for table `administrators`
--
ALTER TABLE `administrators`
 ADD PRIMARY KEY (`id`);

--
-- Indexes for table `banners`
--
ALTER TABLE `banners`
 ADD PRIMARY KEY (`banners_id`), ADD KEY `idx_banners_group` (`banners_group`);

--
-- Indexes for table `banners_history`
--
ALTER TABLE `banners_history`
 ADD PRIMARY KEY (`banners_history_id`), ADD KEY `idx_banners_history_banners_id` (`banners_id`);

--
-- Indexes for table `cache`
--
ALTER TABLE `cache`
 ADD PRIMARY KEY (`cache_id`,`cache_language_id`), ADD KEY `cache_id` (`cache_id`), ADD KEY `cache_language_id` (`cache_language_id`), ADD KEY `cache_global` (`cache_global`);

--
-- Indexes for table `categories`
--
ALTER TABLE `categories`
 ADD PRIMARY KEY (`categories_id`), ADD KEY `idx_categories_parent_id` (`parent_id`);

--
-- Indexes for table `categories_description`
--
ALTER TABLE `categories_description`
 ADD PRIMARY KEY (`categories_id`,`language_id`), ADD KEY `idx_categories_name` (`categories_name`);

--
-- Indexes for table `colors`
--
ALTER TABLE `colors`
 ADD PRIMARY KEY (`id`);

--
-- Indexes for table `configuration`
--
ALTER TABLE `configuration`
 ADD PRIMARY KEY (`configuration_id`);

--
-- Indexes for table `configuration_group`
--
ALTER TABLE `configuration_group`
 ADD PRIMARY KEY (`configuration_group_id`);

--
-- Indexes for table `countries`
--
ALTER TABLE `countries`
 ADD PRIMARY KEY (`countries_id`), ADD KEY `IDX_COUNTRIES_NAME` (`countries_name`);

--
-- Indexes for table `currencies`
--
ALTER TABLE `currencies`
 ADD PRIMARY KEY (`currencies_id`), ADD KEY `idx_currencies_code` (`code`);

--
-- Indexes for table `customers`
--
ALTER TABLE `customers`
 ADD PRIMARY KEY (`customers_id`), ADD KEY `idx_customers_email_address` (`customers_email_address`);

--
-- Indexes for table `customers_basket`
--
ALTER TABLE `customers_basket`
 ADD PRIMARY KEY (`customers_basket_id`), ADD KEY `idx_customers_basket_customers_id` (`customers_id`);

--
-- Indexes for table `customers_basket_attributes`
--
ALTER TABLE `customers_basket_attributes`
 ADD PRIMARY KEY (`customers_basket_attributes_id`), ADD KEY `idx_customers_basket_att_customers_id` (`customers_id`);

--
-- Indexes for table `customers_braintree_tokens`
--
ALTER TABLE `customers_braintree_tokens`
 ADD PRIMARY KEY (`id`), ADD KEY `idx_cbraintreet_customers_id` (`customers_id`), ADD KEY `idx_cbraintreet_token` (`braintree_token`);

--
-- Indexes for table `customers_info`
--
ALTER TABLE `customers_info`
 ADD PRIMARY KEY (`customers_info_id`);

--
-- Indexes for table `customers_sagepay_tokens`
--
ALTER TABLE `customers_sagepay_tokens`
 ADD PRIMARY KEY (`id`), ADD KEY `idx_csagepayt_customers_id` (`customers_id`), ADD KEY `idx_csagepayt_token` (`sagepay_token`);

--
-- Indexes for table `customers_stripe_tokens`
--
ALTER TABLE `customers_stripe_tokens`
 ADD PRIMARY KEY (`id`), ADD KEY `idx_cstripet_customers_id` (`customers_id`), ADD KEY `idx_cstripet_token` (`stripe_token`);

--
-- Indexes for table `geo_zones`
--
ALTER TABLE `geo_zones`
 ADD PRIMARY KEY (`geo_zone_id`);

--
-- Indexes for table `languages`
--
ALTER TABLE `languages`
 ADD PRIMARY KEY (`languages_id`), ADD KEY `IDX_LANGUAGES_NAME` (`name`);

--
-- Indexes for table `manufacturers`
--
ALTER TABLE `manufacturers`
 ADD PRIMARY KEY (`manufacturers_id`), ADD KEY `IDX_MANUFACTURERS_NAME` (`manufacturers_name`);

--
-- Indexes for table `manufacturers_info`
--
ALTER TABLE `manufacturers_info`
 ADD PRIMARY KEY (`manufacturers_id`,`languages_id`);

--
-- Indexes for table `newsletters`
--
ALTER TABLE `newsletters`
 ADD PRIMARY KEY (`newsletters_id`);

--
-- Indexes for table `orders`
--
ALTER TABLE `orders`
 ADD PRIMARY KEY (`orders_id`), ADD KEY `idx_orders_customers_id` (`customers_id`);

--
-- Indexes for table `orders_products`
--
ALTER TABLE `orders_products`
 ADD PRIMARY KEY (`orders_products_id`), ADD KEY `idx_orders_products_orders_id` (`orders_id`), ADD KEY `idx_orders_products_products_id` (`products_id`);

--
-- Indexes for table `orders_products_attributes`
--
ALTER TABLE `orders_products_attributes`
 ADD PRIMARY KEY (`orders_products_attributes_id`), ADD KEY `idx_orders_products_att_orders_id` (`orders_id`);

--
-- Indexes for table `orders_products_download`
--
ALTER TABLE `orders_products_download`
 ADD PRIMARY KEY (`orders_products_download_id`), ADD KEY `idx_orders_products_download_orders_id` (`orders_id`);

--
-- Indexes for table `orders_status`
--
ALTER TABLE `orders_status`
 ADD PRIMARY KEY (`orders_status_id`,`language_id`), ADD KEY `idx_orders_status_name` (`orders_status_name`);

--
-- Indexes for table `orders_status_history`
--
ALTER TABLE `orders_status_history`
 ADD PRIMARY KEY (`orders_status_history_id`), ADD KEY `idx_orders_status_history_orders_id` (`orders_id`);

--
-- Indexes for table `orders_total`
--
ALTER TABLE `orders_total`
 ADD PRIMARY KEY (`orders_total_id`), ADD KEY `idx_orders_total_orders_id` (`orders_id`);

--
-- Indexes for table `products`
--
ALTER TABLE `products`
 ADD PRIMARY KEY (`products_id`), ADD KEY `idx_products_model` (`products_model`), ADD KEY `idx_products_date_added` (`products_date_added`);

--
-- Indexes for table `products_attributes`
--
ALTER TABLE `products_attributes`
 ADD PRIMARY KEY (`products_attributes_id`), ADD KEY `idx_products_attributes_products_id` (`products_id`);

--
-- Indexes for table `products_attributes_download`
--
ALTER TABLE `products_attributes_download`
 ADD PRIMARY KEY (`products_attributes_id`);

--
-- Indexes for table `products_description`
--
ALTER TABLE `products_description`
 ADD PRIMARY KEY (`products_id`,`language_id`), ADD KEY `products_name` (`products_name`);

--
-- Indexes for table `products_images`
--
ALTER TABLE `products_images`
 ADD PRIMARY KEY (`id`), ADD KEY `products_images_prodid` (`products_id`);

--
-- Indexes for table `products_notifications`
--
ALTER TABLE `products_notifications`
 ADD PRIMARY KEY (`products_id`,`customers_id`);

--
-- Indexes for table `products_options`
--
ALTER TABLE `products_options`
 ADD PRIMARY KEY (`products_options_id`,`language_id`);

--
-- Indexes for table `products_options_values`
--
ALTER TABLE `products_options_values`
 ADD PRIMARY KEY (`products_options_values_id`,`language_id`);

--
-- Indexes for table `products_options_values_to_products_options`
--
ALTER TABLE `products_options_values_to_products_options`
 ADD PRIMARY KEY (`products_options_values_to_products_options_id`);

--
-- Indexes for table `products_to_categories`
--
ALTER TABLE `products_to_categories`
 ADD PRIMARY KEY (`products_id`,`categories_id`);

--
-- Indexes for table `reviews`
--
ALTER TABLE `reviews`
 ADD PRIMARY KEY (`reviews_id`), ADD KEY `idx_reviews_products_id` (`products_id`), ADD KEY `idx_reviews_customers_id` (`customers_id`);

--
-- Indexes for table `reviews_description`
--
ALTER TABLE `reviews_description`
 ADD PRIMARY KEY (`reviews_id`,`languages_id`);

--
-- Indexes for table `sagepay_server_securitykeys`
--
ALTER TABLE `sagepay_server_securitykeys`
 ADD PRIMARY KEY (`id`), ADD KEY `idx_sagepay_server_securitykeys_code` (`code`), ADD KEY `idx_sagepay_server_securitykeys_securitykey` (`securitykey`);

--
-- Indexes for table `sec_directory_whitelist`
--
ALTER TABLE `sec_directory_whitelist`
 ADD PRIMARY KEY (`id`);

--
-- Indexes for table `sessions`
--
ALTER TABLE `sessions`
 ADD PRIMARY KEY (`sesskey`);

--
-- Indexes for table `specials`
--
ALTER TABLE `specials`
 ADD PRIMARY KEY (`specials_id`), ADD KEY `idx_specials_products_id` (`products_id`);

--
-- Indexes for table `tax_class`
--
ALTER TABLE `tax_class`
 ADD PRIMARY KEY (`tax_class_id`);

--
-- Indexes for table `tax_rates`
--
ALTER TABLE `tax_rates`
 ADD PRIMARY KEY (`tax_rates_id`);

--
-- Indexes for table `whos_online`
--
ALTER TABLE `whos_online`
 ADD KEY `idx_whos_online_session_id` (`session_id`);

--
-- Indexes for table `zones`
--
ALTER TABLE `zones`
 ADD PRIMARY KEY (`zone_id`), ADD KEY `idx_zones_country_id` (`zone_country_id`);

--
-- Indexes for table `zones_to_geo_zones`
--
ALTER TABLE `zones_to_geo_zones`
 ADD PRIMARY KEY (`association_id`), ADD KEY `idx_zones_to_geo_zones_country_id` (`zone_country_id`);

--
-- AUTO_INCREMENT for dumped tables
--

--
-- AUTO_INCREMENT for table `action_recorder`
--
ALTER TABLE `action_recorder`
MODIFY `id` int(11) NOT NULL AUTO_INCREMENT,AUTO_INCREMENT=5;
--
-- AUTO_INCREMENT for table `address_book`
--
ALTER TABLE `address_book`
MODIFY `address_book_id` int(11) NOT NULL AUTO_INCREMENT,AUTO_INCREMENT=2;
--
-- AUTO_INCREMENT for table `address_format`
--
ALTER TABLE `address_format`
MODIFY `address_format_id` int(11) NOT NULL AUTO_INCREMENT,AUTO_INCREMENT=6;
--
-- AUTO_INCREMENT for table `administrators`
--
ALTER TABLE `administrators`
MODIFY `id` int(11) NOT NULL AUTO_INCREMENT,AUTO_INCREMENT=3;
--
-- AUTO_INCREMENT for table `banners`
--
ALTER TABLE `banners`
MODIFY `banners_id` int(11) NOT NULL AUTO_INCREMENT,AUTO_INCREMENT=2;
--
-- AUTO_INCREMENT for table `banners_history`
--
ALTER TABLE `banners_history`
MODIFY `banners_history_id` int(11) NOT NULL AUTO_INCREMENT;
--
-- AUTO_INCREMENT for table `categories`
--
ALTER TABLE `categories`
MODIFY `categories_id` int(11) NOT NULL AUTO_INCREMENT,AUTO_INCREMENT=22;
--
-- AUTO_INCREMENT for table `colors`
--
ALTER TABLE `colors`
MODIFY `id` int(11) NOT NULL AUTO_INCREMENT,AUTO_INCREMENT=11;
--
-- AUTO_INCREMENT for table `configuration`
--
ALTER TABLE `configuration`
MODIFY `configuration_id` int(11) NOT NULL AUTO_INCREMENT,AUTO_INCREMENT=1508;
--
-- AUTO_INCREMENT for table `configuration_group`
--
ALTER TABLE `configuration_group`
MODIFY `configuration_group_id` int(11) NOT NULL AUTO_INCREMENT,AUTO_INCREMENT=18;
--
-- AUTO_INCREMENT for table `countries`
--
ALTER TABLE `countries`
MODIFY `countries_id` int(11) NOT NULL AUTO_INCREMENT,AUTO_INCREMENT=240;
--
-- AUTO_INCREMENT for table `currencies`
--
ALTER TABLE `currencies`
MODIFY `currencies_id` int(11) NOT NULL AUTO_INCREMENT,AUTO_INCREMENT=3;
--
-- AUTO_INCREMENT for table `customers`
--
ALTER TABLE `customers`
MODIFY `customers_id` int(11) NOT NULL AUTO_INCREMENT,AUTO_INCREMENT=2;
--
-- AUTO_INCREMENT for table `customers_basket`
--
ALTER TABLE `customers_basket`
MODIFY `customers_basket_id` int(11) NOT NULL AUTO_INCREMENT,AUTO_INCREMENT=3;
--
-- AUTO_INCREMENT for table `customers_basket_attributes`
--
ALTER TABLE `customers_basket_attributes`
MODIFY `customers_basket_attributes_id` int(11) NOT NULL AUTO_INCREMENT,AUTO_INCREMENT=4;
--
-- AUTO_INCREMENT for table `customers_braintree_tokens`
--
ALTER TABLE `customers_braintree_tokens`
MODIFY `id` int(11) NOT NULL AUTO_INCREMENT;
--
-- AUTO_INCREMENT for table `customers_sagepay_tokens`
--
ALTER TABLE `customers_sagepay_tokens`
MODIFY `id` int(11) NOT NULL AUTO_INCREMENT;
--
-- AUTO_INCREMENT for table `customers_stripe_tokens`
--
ALTER TABLE `customers_stripe_tokens`
MODIFY `id` int(11) NOT NULL AUTO_INCREMENT;
--
-- AUTO_INCREMENT for table `geo_zones`
--
ALTER TABLE `geo_zones`
MODIFY `geo_zone_id` int(11) NOT NULL AUTO_INCREMENT,AUTO_INCREMENT=2;
--
-- AUTO_INCREMENT for table `languages`
--
ALTER TABLE `languages`
MODIFY `languages_id` int(11) NOT NULL AUTO_INCREMENT,AUTO_INCREMENT=2;
--
-- AUTO_INCREMENT for table `manufacturers`
--
ALTER TABLE `manufacturers`
MODIFY `manufacturers_id` int(11) NOT NULL AUTO_INCREMENT,AUTO_INCREMENT=11;
--
-- AUTO_INCREMENT for table `newsletters`
--
ALTER TABLE `newsletters`
MODIFY `newsletters_id` int(11) NOT NULL AUTO_INCREMENT;
--
-- AUTO_INCREMENT for table `orders`
--
ALTER TABLE `orders`
MODIFY `orders_id` int(11) NOT NULL AUTO_INCREMENT,AUTO_INCREMENT=6;
--
-- AUTO_INCREMENT for table `orders_products`
--
ALTER TABLE `orders_products`
MODIFY `orders_products_id` int(11) NOT NULL AUTO_INCREMENT,AUTO_INCREMENT=15;
--
-- AUTO_INCREMENT for table `orders_products_attributes`
--
ALTER TABLE `orders_products_attributes`
MODIFY `orders_products_attributes_id` int(11) NOT NULL AUTO_INCREMENT,AUTO_INCREMENT=3;
--
-- AUTO_INCREMENT for table `orders_products_download`
--
ALTER TABLE `orders_products_download`
MODIFY `orders_products_download_id` int(11) NOT NULL AUTO_INCREMENT;
--
-- AUTO_INCREMENT for table `orders_status_history`
--
ALTER TABLE `orders_status_history`
MODIFY `orders_status_history_id` int(11) NOT NULL AUTO_INCREMENT,AUTO_INCREMENT=7;
--
-- AUTO_INCREMENT for table `orders_total`
--
ALTER TABLE `orders_total`
MODIFY `orders_total_id` int(10) unsigned NOT NULL AUTO_INCREMENT,AUTO_INCREMENT=16;
--
-- AUTO_INCREMENT for table `products`
--
ALTER TABLE `products`
MODIFY `products_id` int(11) NOT NULL AUTO_INCREMENT,AUTO_INCREMENT=29;
--
-- AUTO_INCREMENT for table `products_attributes`
--
ALTER TABLE `products_attributes`
MODIFY `products_attributes_id` int(11) NOT NULL AUTO_INCREMENT,AUTO_INCREMENT=29;
--
-- AUTO_INCREMENT for table `products_description`
--
ALTER TABLE `products_description`
MODIFY `products_id` int(11) NOT NULL AUTO_INCREMENT,AUTO_INCREMENT=29;
--
-- AUTO_INCREMENT for table `products_images`
--
ALTER TABLE `products_images`
MODIFY `id` int(11) NOT NULL AUTO_INCREMENT,AUTO_INCREMENT=17;
--
-- AUTO_INCREMENT for table `products_options_values_to_products_options`
--
ALTER TABLE `products_options_values_to_products_options`
MODIFY `products_options_values_to_products_options_id` int(11) NOT NULL AUTO_INCREMENT,AUTO_INCREMENT=15;
--
-- AUTO_INCREMENT for table `reviews`
--
ALTER TABLE `reviews`
MODIFY `reviews_id` int(11) NOT NULL AUTO_INCREMENT,AUTO_INCREMENT=3;
--
-- AUTO_INCREMENT for table `sagepay_server_securitykeys`
--
ALTER TABLE `sagepay_server_securitykeys`
MODIFY `id` int(11) NOT NULL AUTO_INCREMENT;
--
-- AUTO_INCREMENT for table `sec_directory_whitelist`
--
ALTER TABLE `sec_directory_whitelist`
MODIFY `id` int(11) NOT NULL AUTO_INCREMENT,AUTO_INCREMENT=14;
--
-- AUTO_INCREMENT for table `specials`
--
ALTER TABLE `specials`
MODIFY `specials_id` int(11) NOT NULL AUTO_INCREMENT,AUTO_INCREMENT=5;
--
-- AUTO_INCREMENT for table `tax_class`
--
ALTER TABLE `tax_class`
MODIFY `tax_class_id` int(11) NOT NULL AUTO_INCREMENT,AUTO_INCREMENT=2;
--
-- AUTO_INCREMENT for table `tax_rates`
--
ALTER TABLE `tax_rates`
MODIFY `tax_rates_id` int(11) NOT NULL AUTO_INCREMENT,AUTO_INCREMENT=2;
--
-- AUTO_INCREMENT for table `zones`
--
ALTER TABLE `zones`
MODIFY `zone_id` int(11) NOT NULL AUTO_INCREMENT,AUTO_INCREMENT=182;
--
-- AUTO_INCREMENT for table `zones_to_geo_zones`
--
ALTER TABLE `zones_to_geo_zones`
MODIFY `association_id` int(11) NOT NULL AUTO_INCREMENT,AUTO_INCREMENT=2;
/*!40101 SET CHARACTER_SET_CLIENT=@OLD_CHARACTER_SET_CLIENT */;
/*!40101 SET CHARACTER_SET_RESULTS=@OLD_CHARACTER_SET_RESULTS */;
/*!40101 SET COLLATION_CONNECTION=@OLD_COLLATION_CONNECTION */;
